{
  "timestamp": "2025-04-03T22:58:28.556370",
  "time_took": "17.0 min 42.42094707489014 sec",
  "metrics": {
    "train_loss": [
      1.8387482554059138,
      1.6584873888641596,
      1.5978750151328065,
      1.543131810528311,
      1.499793754890561,
      1.4690455360846086,
      1.4466547950763593,
      1.4269486851990223,
      1.4158020197329195,
      1.3963944341310046,
      1.3816576034507968,
      1.3699611100283535,
      1.356186544522643,
      1.3443695145913146,
      1.3309266253967176,
      1.3229268232191151,
      1.3082445666871287,
      1.2954105641692877,
      1.2811501667072827,
      1.2723463155667891
    ],
    "val_loss": [
      2.140817811217489,
      2.5261656181721746,
      2.2038368288474746,
      2.250783271427396,
      1.9429465441764155,
      1.930537327935424,
      1.8459415330162532,
      1.8057651444326472,
      1.694867721086816,
      1.7362052353122566,
      1.6100702768639674,
      1.6246996438955958,
      1.6979403586327275,
      1.6533214713953719,
      1.577392754675467,
      1.5884400998489767,
      1.6512550613548183,
      1.5908042132099973,
      1.4689054941829247,
      1.421739446965954
    ],
    "train_accuracy": [
      0.3077358993733055,
      0.37174985554913553,
      0.39451753411262724,
      0.41591848526601183,
      0.432308102582337,
      0.4444308635939375,
      0.4534423752166763,
      0.4618205253566825,
      0.46720965376238943,
      0.4734210409351527,
      0.47906573625494464,
      0.4848104360193786,
      0.4911662740566247,
      0.49693319703097916,
      0.5024778879061291,
      0.5058669274189964,
      0.511644961998311,
      0.5191452953464598,
      0.5233121472065425,
      0.5292012978354593
    ],
    "val_accuracy": [
      0.24720111955217913,
      0.2073170731707317,
      0.25209916033586566,
      0.28298680527788883,
      0.3023790483806477,
      0.3236705317872851,
      0.3324670131947221,
      0.3402638944422231,
      0.3484606157536985,
      0.35715713714514197,
      0.37395041983206717,
      0.36555377848860454,
      0.3717512994802079,
      0.36875249900039986,
      0.3911435425829668,
      0.39324270291883245,
      0.3794482207117153,
      0.39984006397441024,
      0.4385245901639344,
      0.45451819272291083
    ]
  }
}
