{
  "timestamp": "2025-04-03T22:26:52.253331",
  "time_took": "17.0 min 44.99918079376221 sec",
  "metrics": {
    "train_loss": [
      1.6024062211879275,
      1.3025163143703884,
      1.1891926541416482,
      1.1195060913874344,
      1.0690744923935696,
      1.0275104198266158,
      0.9932289739054713,
      0.9676195312799378,
      0.9358018844981085,
      0.9134304305877198,
      0.8888573229143565,
      0.8724525746127422,
      0.8528826782818545,
      0.8357918390326879,
      0.8132160294123671,
      0.8007626249031587,
      0.7805693334137852,
      0.7754888274622235,
      0.7579413724809207,
      0.7456400695426221
    ],
    "val_loss": [
      2.5724315764028813,
      2.1661854620221295,
      1.999806903585603,
      1.5883098901072634,
      1.403806378569784,
      1.242994483513168,
      1.517500803440432,
      1.0930868485305882,
      1.057629939121536,
      1.1361767136597936,
      1.1433946875077259,
      0.9130841056002846,
      0.9379494371293466,
      0.8748661053331592,
      0.8100058941901485,
      0.8464073335068135,
      0.7564031266713445,
      0.946811076206497,
      0.7571528719950326,
      0.7309040276310111
    ],
    "train_accuracy": [
      0.3974954442419663,
      0.5116560736032713,
      0.5594581981421396,
      0.5878816836303836,
      0.6078936841637406,
      0.6258167029645763,
      0.6354393528601271,
      0.647128761278279,
      0.6599404417974132,
      0.6693186363838393,
      0.6763967287434998,
      0.684074847771012,
      0.6898862171652074,
      0.6970087559447087,
      0.7034090404017956,
      0.7103760167118539,
      0.7153540157340327,
      0.7200431130272457,
      0.723743277478999,
      0.7294546424285524
    ],
    "val_accuracy": [
      0.22101159536185525,
      0.32786885245901637,
      0.36935225909636143,
      0.4682127149140344,
      0.516593362654938,
      0.5567772890843663,
      0.49160335865653737,
      0.602858856457417,
      0.6183526589364254,
      0.601859256297481,
      0.6040583766493403,
      0.6640343862455018,
      0.664234306277489,
      0.689624150339864,
      0.7073170731707317,
      0.691123550579768,
      0.7201119552179128,
      0.6558376649340264,
      0.71781287485006,
      0.7386045581767293
    ]
  }
}
