{
  "timestamp": "2025-04-03T23:16:23.036415",
  "time_took": "17.0 min 33.06468176841736 sec",
  "metrics": {
    "train_loss": [
      1.5812100498852404,
      1.370437747036869,
      1.2708632940087805,
      1.1882953928275541,
      1.1344865379347042,
      1.0797423640774055,
      1.0381735909560865,
      1.0120342981747605,
      0.9866922205652703,
      0.9625282081860033,
      0.9456409663808617,
      0.9286666252565655,
      0.9114653059196743,
      0.9012218044054779,
      0.8829383152029053,
      0.8746517462317239,
      0.8594323831017722,
      0.8489912175573409,
      0.8364922016520392,
      0.8229178174991499
    ],
    "val_loss": [
      3.250846391991724,
      2.5397683668740187,
      2.396961643726011,
      1.7953772454322139,
      1.500604211529599,
      1.3968831919416596,
      1.3708215257789516,
      1.2306386089023156,
      1.1842275805111173,
      1.1230262065235572,
      1.1129298647747765,
      1.0065523167199726,
      1.0293019391313385,
      0.9523907356624361,
      0.9335193618943419,
      1.0056470293032973,
      0.960069377965565,
      1.0005191873900499,
      0.9329551186742662,
      0.8934760403029526
    ],
    "train_accuracy": [
      0.42234099293301924,
      0.5006666962976132,
      0.5383239255078004,
      0.5705920263122806,
      0.5903929063513934,
      0.6095826481176941,
      0.6245277567891906,
      0.6346059824881106,
      0.6436619405306903,
      0.6512956131383617,
      0.6603182363660607,
      0.665374016622961,
      0.6698853282368106,
      0.6758522601004489,
      0.6793635272678785,
      0.6848748833281479,
      0.6899084403751278,
      0.6924752211209387,
      0.6974421085381572,
      0.7024089959553758
    ],
    "val_accuracy": [
      0.1640343862455018,
      0.30567772890843664,
      0.3437624950019992,
      0.44702119152339065,
      0.4883046781287485,
      0.5251899240303879,
      0.5251899240303879,
      0.5644742103158736,
      0.5848660535785686,
      0.6046581367453019,
      0.6078568572570971,
      0.6468412634946021,
      0.6430427828868452,
      0.6555377848860455,
      0.6636345461815274,
      0.6316473410635746,
      0.6588364654138344,
      0.6423430627748901,
      0.666233506597361,
      0.6680327868852459
    ]
  }
}
