{
  "timestamp": "2025-04-01T11:37:17.096340",
  "time_took": "36.0 min 23.635180234909058 sec",
  "metrics": {
    "train_loss": [
      1.532148500061035,
      1.2555378841294182,
      1.1622939551644855,
      1.1006920688735113,
      1.04870957252317,
      1.007325814277596,
      0.9807842226730452,
      0.9457398956802157,
      0.9175039890342288,
      0.8987758657707109,
      0.8767418996267848,
      0.8595545300212172,
      0.8434676014814112,
      0.830962044526471,
      0.8177177100353771,
      0.8054612064003944,
      0.802162547541327,
      0.7892701182232963,
      0.7779548073391119,
      0.7691964137189918
    ],
    "val_loss": [
      1.3614481699457177,
      1.3318682102371844,
      1.0197490114959882,
      0.9884727778409025,
      1.014015518623195,
      0.9050821083888924,
      0.7990740095730499,
      0.8249290095065995,
      0.7836351296741614,
      0.7400578781902838,
      0.7556613558333078,
      0.7012196793068323,
      0.731067132404287,
      0.7013757321402895,
      0.6924390554737797,
      0.6753200775594543,
      0.7130255658897183,
      0.6685323324575604,
      0.6477809309881988,
      0.6577262942650193
    ],
    "train_accuracy": [
      0.428630161340504,
      0.5418685274901107,
      0.5775478910173786,
      0.6041268500822259,
      0.6220276456731411,
      0.6386172718787502,
      0.6480621360949376,
      0.6632961464953998,
      0.6737966131828081,
      0.6815636250500022,
      0.6896528734610428,
      0.6948864393973065,
      0.7026090048446597,
      0.7070203120138673,
      0.711542735232677,
      0.7159540424018845,
      0.7154873549935553,
      0.7210987154984666,
      0.726010044890884,
      0.7299991110716032
    ],
    "val_accuracy": [
      0.4934026389444222,
      0.5161935225909636,
      0.6248500599760096,
      0.6389444222311076,
      0.6259496201519392,
      0.6643342662934826,
      0.7043182726909236,
      0.7043182726909236,
      0.7145141943222711,
      0.7403038784486206,
      0.7265093962415033,
      0.7554978008796481,
      0.7322071171531388,
      0.7508996401439424,
      0.7530987604958017,
      0.7619952019192323,
      0.7356057576969213,
      0.7550979608156737,
      0.7730907636945222,
      0.7694922031187525
    ]
  }
}
