{
  "timestamp": "2025-03-31T19:32:01.889344",
  "time_took": "26.0 min 49.649019718170166 sec",
  "metrics": {
    "train_loss": [
      1.4933519667307535,
      1.2134859538184273,
      1.105795785548952,
      1.049229598930147,
      1.0021451957013872,
      0.9574918266349368,
      0.92273740284178,
      0.8936810228453742,
      0.869369664642546,
      0.8467526549445258,
      0.8118190332545174,
      0.7977619473059973,
      0.777671029109425,
      0.7632870686584049,
      0.7442340234941907,
      0.7352986835320791,
      0.724614851114485,
      0.7140168709225124,
      0.7049957991361618,
      0.6937566219939126
    ],
    "val_loss": [
      2.013862908838656,
      1.156308588556969,
      1.117088689638403,
      0.8722862617942853,
      1.1838295505450556,
      0.8361788844338621,
      0.7980036280644588,
      0.7859972084101777,
      0.7597729458500402,
      0.6720891881246156,
      0.6602486787369838,
      0.6638544604372674,
      0.7243321906810942,
      0.6464633873809641,
      0.6768843132181289,
      0.5788976500114313,
      0.6681254605491893,
      0.6130026973569735,
      0.6224976772674546,
      0.606548731283734
    ],
    "train_accuracy": [
      0.4395528690164007,
      0.5535690475132228,
      0.5966154051291168,
      0.6172718787501666,
      0.6347170985377127,
      0.6520178674607761,
      0.6660851593404151,
      0.6767523001022268,
      0.6875416685186009,
      0.6945308680385794,
      0.7057869238632828,
      0.7131761411618294,
      0.7216654073514378,
      0.7268211920529801,
      0.7344881994755322,
      0.7365549579981332,
      0.741832970354238,
      0.7449553313480599,
      0.7501444508644829,
      0.7521778745722032
    ],
    "val_accuracy": [
      0.32926829268292684,
      0.5736705317872851,
      0.584266293482607,
      0.6826269492203119,
      0.566673330667733,
      0.6872251099560176,
      0.712514994002399,
      0.7103158736505398,
      0.708016793282687,
      0.7561975209916033,
      0.7624950019992003,
      0.7618952419032387,
      0.7310075969612155,
      0.7634946021591363,
      0.7558976409436226,
      0.7957816873250699,
      0.7549980007996802,
      0.7695921631347461,
      0.7669932027189125,
      0.7828868452618952
    ]
  }
}
