{
  "timestamp": "2025-03-31T17:47:59.775361",
  "time_took": "19.0 min 28.292354583740234 sec",
  "metrics": {
    "train_loss": [
      1.5419720035965085,
      1.2549454453742157,
      1.138679686682226,
      1.071422578641177,
      1.0164564993674652,
      0.9736706933063569,
      0.9391554766457049,
      0.9033358060644295,
      0.874880546149245,
      0.8474159583015144,
      0.8241685433174247,
      0.805684403442879,
      0.7839396092047823,
      0.7690406112316744,
      0.7494491515806913,
      0.7389438430002249,
      0.7258711562100758,
      0.7101901280981645,
      0.6992845764673595,
      0.6905659755748811
    ],
    "val_loss": [
      2.1200334729662367,
      1.4409096089138347,
      1.4203096233355772,
      1.2006593764207925,
      1.046440796108003,
      1.189295429712648,
      1.0429357077665389,
      1.1330282092094421,
      0.8018405748780366,
      0.8855595353302682,
      0.8882958308147018,
      0.7891944525348153,
      0.8224639076336174,
      0.6785572772952402,
      0.7589051552638886,
      0.840678477363222,
      0.7118720936167772,
      0.6368020598296147,
      0.7479040949207962,
      0.6192584085236689
    ],
    "train_accuracy": [
      0.41930752477887906,
      0.5314902884572648,
      0.5804813547268768,
      0.6068380816925196,
      0.6296168718609716,
      0.6470509800435575,
      0.6560736032712565,
      0.6707075870038668,
      0.6820747588781724,
      0.6920196453175697,
      0.6994755322458776,
      0.7066980754700208,
      0.7142984132628116,
      0.7213876172274323,
      0.7273434374861105,
      0.7308658162585003,
      0.7366660740477354,
      0.7439219520867594,
      0.7475887817236322,
      0.7488332814791768
    ],
    "val_accuracy": [
      0.3194722111155538,
      0.490703718512595,
      0.5188924430227909,
      0.5745701719312275,
      0.6239504198320672,
      0.5795681727309077,
      0.6233506597361056,
      0.6060575769692124,
      0.6979208316673331,
      0.6800279888044782,
      0.6781287485005998,
      0.7097161135545782,
      0.7061175529788085,
      0.7526989204318273,
      0.7249100359856058,
      0.6943222710915634,
      0.7333066773290684,
      0.7673930427828869,
      0.7341063574570172,
      0.7714914034386245
    ]
  }
}
