{
  "timestamp": "2025-03-31T17:12:24.298657",
  "time_took": "17.0 min 28.261863946914673 sec",
  "metrics": {
    "train_loss": [
      1.766026366163384,
      1.4595989815213464,
      1.3331158289855176,
      1.2539736899462612,
      1.1905276098034598,
      1.148166073994203,
      1.1086881391026757,
      1.0749153433875605,
      1.0489386553791435,
      1.025536620142785,
      1.002194500782273,
      0.984069000929594,
      0.9661476395346902,
      0.9464396031742747,
      0.9354035559703003,
      0.9182437509298325,
      0.9035970643162727,
      0.8910909799689596,
      0.8762648285112598,
      0.8617688051678918
    ],
    "val_loss": [
      1.808140903711319,
      2.440748155117035,
      2.159930431842804,
      1.9526282906532288,
      1.4887384355068207,
      1.6517522513866425,
      1.5212842226028442,
      1.593048518896103,
      1.400998091697693,
      1.3160880625247955,
      1.3447373867034913,
      1.2163493752479553,
      1.1023861825466157,
      1.0798058331012725,
      1.1896397113800048,
      1.1437994480133056,
      1.1035310268402099,
      1.0329024732112884,
      1.0230510532855988,
      0.9589044004678726
    ],
    "train_accuracy": [
      0.3380594693097471,
      0.45160896039823994,
      0.5003889061736078,
      0.532712565002889,
      0.5569803102360105,
      0.5776812302769012,
      0.5926263389483977,
      0.6055713587270546,
      0.6162607226987866,
      0.6234610427130095,
      0.6328503489043957,
      0.641028490155118,
      0.6464953997955465,
      0.6555735810480465,
      0.6585070447575447,
      0.6655184674874439,
      0.6727187875016667,
      0.6725521134272634,
      0.6810080448019912,
      0.6863082803680164
    ],
    "val_accuracy": [
      0.3075769692123151,
      0.23620551779288285,
      0.3077768892443023,
      0.3672530987604958,
      0.49000399840063974,
      0.45421831267493,
      0.5001999200319872,
      0.4885045981607357,
      0.5229908036785286,
      0.5626749300279889,
      0.5453818472610955,
      0.5824670131947222,
      0.6150539784086365,
      0.6191523390643743,
      0.5982606957217114,
      0.6007596961215513,
      0.6138544582167134,
      0.6380447820871651,
      0.6322471011595362,
      0.6586365453818472
    ]
  }
}
