{
  "timestamp": "2025-04-01T12:30:20.066241",
  "time_took": "52.0 min 25.371037244796753 sec",
  "metrics": {
    "train_loss": [
      1.643892386175907,
      1.4068047284571308,
      1.3147781055510546,
      1.2615505924159525,
      1.2142845819396222,
      1.1837577175456124,
      1.1439217634857048,
      1.1222689526303036,
      1.0974698331463846,
      1.0819460388915931,
      1.0560879708465654,
      1.0476371991816966,
      1.0316723819425189,
      1.0132890984533898,
      1.0066704886427622,
      1.0046591024720497,
      0.9936294399012783,
      0.9838465926042398,
      0.9767944367499893,
      0.9711210312598045
    ],
    "val_loss": [
      1.6318751984431905,
      1.1873575718056817,
      1.0900285287630982,
      1.0720862160425266,
      1.0233798532879672,
      0.9645939579919451,
      0.9715516776478038,
      0.9521621573151874,
      0.8922765547724687,
      0.9166338018408683,
      0.8061423594119405,
      0.8671905207471913,
      0.8331402912527406,
      1.0014074808779787,
      0.8438743017450041,
      0.8258526506917517,
      0.815653297920577,
      0.8429361630628844,
      0.8696564519074096,
      0.8708901478916776
    ],
    "train_accuracy": [
      0.39181741410729365,
      0.49051068936397174,
      0.5276678963509489,
      0.548991066269612,
      0.5681141384061514,
      0.5813813947286546,
      0.5956598071025379,
      0.6056046935419352,
      0.6162384994888662,
      0.6232054757989244,
      0.6311169385306014,
      0.6361949419974221,
      0.6403506822525445,
      0.6476510067114094,
      0.6509955998044358,
      0.65372905462465,
      0.6567180763589493,
      0.6611960531579182,
      0.6621627627894573,
      0.6649851104493533
    ],
    "val_accuracy": [
      0.390843662534986,
      0.5436825269892043,
      0.5922630947620952,
      0.6054578168732507,
      0.6141543382646941,
      0.6469412235105958,
      0.6378448620551779,
      0.661235505797681,
      0.687624950019992,
      0.6712315073970412,
      0.7262095161935226,
      0.7122151139544183,
      0.7222111155537785,
      0.6216513394642144,
      0.6936225509796081,
      0.7192123150739704,
      0.7145141943222711,
      0.7077169132347061,
      0.7012195121951219,
      0.6841263494602159
    ]
  }
}
