{
  "timestamp": "2025-03-31T16:22:50.428349",
  "time_took": "18.0 min 16.97156023979187 sec",
  "metrics": {
    "train_loss": [
      1.6164854297583753,
      1.324100086973472,
      1.2043558373539285,
      1.1221508501436224,
      1.0681837610053746,
      1.024524012326517,
      0.9903947949748148,
      0.9623649601231922,
      0.9391881970858033,
      0.9104758651757782,
      0.8909406921910968,
      0.8692352560094811,
      0.8521575901488011,
      0.8355033712630923,
      0.8169873910532757,
      0.80200299823826,
      0.787298372015357,
      0.7686902127144012,
      0.7540546541356228,
      0.7431428215720437
    ],
    "val_loss": [
      2.8953631316559223,
      2.05548292172106,
      1.9970159741896618,
      1.4926762807218334,
      1.5437055373493629,
      1.454769475550591,
      1.1595310116116004,
      1.427172463151473,
      1.0708315123485614,
      1.0588857207117202,
      1.2804429742354382,
      0.8749812358542334,
      0.8608817541146581,
      0.9136312664309635,
      0.9871209701405296,
      0.7348417036141022,
      0.759607299973693,
      0.7752039734321304,
      0.8793165962907332,
      0.7443498833270012
    ],
    "train_accuracy": [
      0.39250633361482734,
      0.5056669185297125,
      0.551057824792213,
      0.5868038579492422,
      0.606604737988355,
      0.6259944886439397,
      0.6388283923729944,
      0.648739943997511,
      0.6583848171029824,
      0.6698964398417707,
      0.6755744699764434,
      0.6843193030801369,
      0.6907084759322637,
      0.6969420863149474,
      0.7045202008978176,
      0.7080759144850882,
      0.7154984665985155,
      0.7211653851282279,
      0.7286990532912574,
      0.7313547268767501
    ],
    "val_accuracy": [
      0.2031187524990004,
      0.3600559776089564,
      0.38884446221511393,
      0.508796481407437,
      0.4948020791683327,
      0.5111955217912835,
      0.5979608156737305,
      0.5180927628948421,
      0.6067572970811675,
      0.6201519392243102,
      0.5548780487804879,
      0.6841263494602159,
      0.6871251499400239,
      0.6678328668532587,
      0.6465413834466214,
      0.7276089564174331,
      0.719312275089964,
      0.7116153538584566,
      0.6804278288684527,
      0.7278088764494203
    ]
  }
}
