{
  "timestamp": "2025-03-31T16:52:44.278201",
  "time_took": "17.0 min 46.37017250061035 sec",
  "metrics": {
    "train_loss": [
      1.6944679384204475,
      1.3934520130807704,
      1.2657050409100272,
      1.1837722654031082,
      1.1264149191027337,
      1.0814040301536971,
      1.0418486435982315,
      1.0113909010860054,
      0.9837126975709741,
      0.9581625541164116,
      0.9398698838935657,
      0.9201884857294235,
      0.8973697527227077,
      0.8857886442406611,
      0.864746595648202,
      0.8487899538806893,
      0.8349001924083992,
      0.8247549030929804,
      0.80909427492456,
      0.7949909760870717
    ],
    "val_loss": [
      1.9011271506547929,
      2.2196119844913484,
      1.692367848753929,
      1.49169380068779,
      1.4557379901409149,
      1.2525318801403045,
      1.2895538836717606,
      1.2062067106366157,
      1.232698020339012,
      1.2828141152858734,
      1.1522083774209022,
      0.9534050613641739,
      0.9846960693597794,
      1.0420198455452918,
      0.950687299668789,
      1.099045680463314,
      0.9079317316412926,
      0.8684427127242088,
      0.8969600886106491,
      0.8182671174407006
    ],
    "train_accuracy": [
      0.36189386194941997,
      0.47607671452064537,
      0.5277901240055114,
      0.5601137828347926,
      0.5842259655984711,
      0.6021267611893862,
      0.6172829903551269,
      0.6291612960576025,
      0.6405062447219877,
      0.6511511622738788,
      0.6579625761144939,
      0.6643184141517401,
      0.6723854393528601,
      0.6778412373883284,
      0.6862860571580959,
      0.6908640384017067,
      0.6977865682919241,
      0.7014756211387173,
      0.706953642384106,
      0.7117983021467621
    ],
    "val_accuracy": [
      0.29488204718112754,
      0.29628148740503796,
      0.4134346261495402,
      0.48100759696121553,
      0.5126949220311875,
      0.5582766893242703,
      0.5573770491803278,
      0.5771691323470611,
      0.5680727708916433,
      0.5517792882846861,
      0.5934626149540184,
      0.647640943622551,
      0.6427429028388645,
      0.6170531787285086,
      0.6544382247101159,
      0.6046581367453019,
      0.6669332267093163,
      0.6742303078768492,
      0.6709316273490604,
      0.6900239904038384
    ]
  }
}
