{
  "timestamp": "2025-03-31T19:01:28.819255",
  "time_took": "20.0 min 42.35322451591492 sec",
  "metrics": {
    "train_loss": [
      1.518340820737297,
      1.2209839523580208,
      1.1108430678463899,
      1.038741404989882,
      0.9898948263240547,
      0.9418239681652081,
      0.9084057520175802,
      0.8728985463729585,
      0.8434213588892926,
      0.8221223514952186,
      0.8013601116425534,
      0.7771485247329762,
      0.757728811963953,
      0.7472605276501904,
      0.730020523495069,
      0.718189630099899,
      0.7084871798891467,
      0.6943500475541493,
      0.6800359592948823,
      0.6692118856922147
    ],
    "val_loss": [
      1.6534241167501138,
      1.3957523341757803,
      1.4100918303282497,
      1.4189560826594076,
      1.0178275038830389,
      0.9491337439693963,
      0.7938542579309628,
      0.8705031133878726,
      0.8737471549274822,
      0.8023926447184322,
      0.7166815596266677,
      0.676692891425599,
      0.6875617875458714,
      0.7322195702657913,
      0.6382900569766474,
      0.6609439682274961,
      0.6701334911032607,
      0.6541834139404967,
      0.6198468767225552,
      0.633874833774262
    ],
    "train_accuracy": [
      0.4308858171474288,
      0.5486577181208053,
      0.5922040979599094,
      0.6212498333259256,
      0.640172896573181,
      0.6559847104315747,
      0.6710298235477132,
      0.6831970309791546,
      0.6943419707542557,
      0.7020756478065692,
      0.7095982043646384,
      0.7197097648784391,
      0.7254655762478333,
      0.7309547090981822,
      0.7356882528112361,
      0.740321792079648,
      0.7451997866571848,
      0.7522889906218054,
      0.7551224498866617,
      0.7592004089070625
    ],
    "val_accuracy": [
      0.41313474610155937,
      0.5126949220311875,
      0.5099960015993602,
      0.51359456217513,
      0.6400439824070372,
      0.6623350659736106,
      0.7062175129948021,
      0.68812475009996,
      0.6860255897640943,
      0.7109156337465014,
      0.7380047980807677,
      0.7511995201919233,
      0.75,
      0.7237105157936825,
      0.7696921231507396,
      0.7621951219512195,
      0.7554978008796481,
      0.7653938424630148,
      0.7714914034386245,
      0.7615953618552579
    ]
  }
}
