{
  "timestamp": "2025-04-06T15:53:39.032250",
  "time_took": "11.0 min 42.903661251068115 sec",
  "metrics": {
    "train_loss": [
      0.9234225992414686,
      0.542587772319052,
      0.428727008456654,
      0.37056978537605867,
      0.33182619348218045,
      0.301966359509031,
      0.27706943234966863,
      0.26239157287966874,
      0.2455306304516064,
      0.2350406758302616,
      0.22320978159209093,
      0.21178165649217037,
      0.20421868890896439,
      0.20147905439072186,
      0.19051126603798735,
      0.1819178830007712,
      0.1777328013708194,
      0.1691996072102338,
      0.16821253385966023,
      0.16076258550015174,
      0.1570637673623032,
      0.15372381260722048,
      0.1499471493622909,
      0.14548586278611586,
      0.14179795632780426
    ],
    "val_loss": [
      0.4526378700551324,
      0.4494274191546459,
      0.25577595848709156,
      0.27188249270970255,
      0.24977041270060185,
      0.17462571685949263,
      0.33528391213510367,
      0.24713019478899506,
      0.1480988107986909,
      0.16926783973577256,
      0.12076180380733369,
      0.12382474299795486,
      0.11203348996566263,
      0.11831345595159053,
      0.14345433894610302,
      0.13461078002084845,
      0.11018037219374134,
      0.18325931306395787,
      0.104662252321152,
      0.11263777620639628,
      0.10094253429841732,
      0.11326692325813241,
      0.09775006767926209,
      0.17361052136644334,
      0.09191612403106372
    ],
    "train_accuracy": [
      0.6741077381216943,
      0.8124694430863594,
      0.8518711942753011,
      0.8737277212320548,
      0.8871838748388817,
      0.8970954264633983,
      0.9055180230232455,
      0.9106404729099071,
      0.9161073825503355,
      0.9207409218187474,
      0.9249077736788301,
      0.9284301524512201,
      0.930541357393662,
      0.9324858882617005,
      0.935841592959687,
      0.9387528334592649,
      0.9402417885239344,
      0.9429641317391884,
      0.9434641539623984,
      0.9457420329792435,
      0.947275434463754,
      0.9483977065647362,
      0.9494533090359571,
      0.9508422596559847,
      0.9524534423752167
    ],
    "val_accuracy": [
      0.8510595761695322,
      0.8436625349860056,
      0.9123350659736106,
      0.9035385845661735,
      0.9174330267892843,
      0.9416233506597361,
      0.8818472610955618,
      0.9122351059576169,
      0.9494202319072371,
      0.9421231507397041,
      0.9613154738104758,
      0.9593162734906038,
      0.9637145141943223,
      0.9626149540183926,
      0.9504198320671732,
      0.9557177129148341,
      0.9632147141143542,
      0.9355257896841264,
      0.96781287485006,
      0.9607157137145141,
      0.9682127149140344,
      0.9611155537784886,
      0.9676129548180727,
      0.937624950019992,
      0.9709116353458617
    ]
  }
}
