{
  "timestamp": "2025-04-06T17:07:47.293255",
  "time_took": "3.0 min 51.20305395126343 sec",
  "metrics": {
    "train_loss": [
      0.9651875848793865,
      0.5492651524192997,
      0.4274008047754407,
      0.35639062982420594,
      0.3143953537540649,
      0.2834472508350415,
      0.2587261889513791,
      0.24196578854563902,
      0.22696240047719687,
      0.21150160192987896,
      0.19987518316520048,
      0.19297353565883535,
      0.1836301137553561,
      0.176802621076748,
      0.16984900145896717
    ],
    "val_loss": [
      0.6478082516770454,
      0.37116254011916505,
      0.33704372424228934,
      0.23462176973083218,
      0.39036930347703824,
      0.19121763318966908,
      0.1807230151952452,
      0.19359813008908253,
      0.20959524549306577,
      0.1395184236110016,
      0.16528437381527225,
      0.12435355684037801,
      0.14422664907612617,
      0.14190426642063317,
      0.18208936601877213
    ],
    "train_accuracy": [
      0.6718520823147696,
      0.8116805191341837,
      0.8524378861282723,
      0.8763945064225077,
      0.8929174629983555,
      0.9027401217831904,
      0.9121183163696164,
      0.9180630250233344,
      0.9231743633050358,
      0.9275523356593627,
      0.9321414285079337,
      0.9352526778967954,
      0.9368416374061069,
      0.9403640161784969,
      0.9426307835903818
    ],
    "val_accuracy": [
      0.7701919232307077,
      0.8636545381847262,
      0.8759496201519392,
      0.9211315473810476,
      0.8574570171931227,
      0.9356257497001199,
      0.9405237904838065,
      0.9293282686925229,
      0.9266293482606958,
      0.9518192722910835,
      0.9433226709316274,
      0.9574170331867253,
      0.9514194322271091,
      0.9509196321471411,
      0.9397241103558577
    ]
  }
}
