{
  "timestamp": "2025-04-06T16:55:16.942201",
  "time_took": "5.0 min 3.188779592514038 sec",
  "metrics": {
    "train_loss": [
      0.9296569908868788,
      0.5130361428135365,
      0.40487072316461553,
      0.34397641048656424,
      0.3115049753665204,
      0.28307245725449975,
      0.2590158261011768,
      0.24700769395632036,
      0.2298662235369059,
      0.2151717079635822,
      0.20322314117711673,
      0.19612188909700756,
      0.1882715487883814,
      0.1817844996614189,
      0.17208726389464052
    ],
    "val_loss": [
      0.5692178300394418,
      0.32636836632943383,
      0.2930000217768331,
      0.26361178994154966,
      0.32660790880362445,
      0.18776761742528922,
      0.349699086976794,
      0.15472307957458897,
      0.2771857631877779,
      0.18478555028764204,
      0.11552845034748316,
      0.1389414736429771,
      0.1858350006839671,
      0.16601311410673128,
      0.14332249732955862
    ],
    "train_accuracy": [
      0.6785412685008223,
      0.8252366771856527,
      0.8613160584914885,
      0.8825281123605494,
      0.8933619271967643,
      0.904284634872661,
      0.9119294190852927,
      0.9158295924263301,
      0.9220743144139739,
      0.9263300591137383,
      0.930596915418463,
      0.9332970354237966,
      0.9358193697497666,
      0.9382194764211743,
      0.941886306058047
    ],
    "val_accuracy": [
      0.7992802878848461,
      0.8824470211915234,
      0.8912435025989605,
      0.9123350659736106,
      0.8845461815273891,
      0.9341263494602159,
      0.8843462614954019,
      0.9477209116353459,
      0.8974410235905638,
      0.9356257497001199,
      0.9632147141143542,
      0.9553178728508597,
      0.9373250699720111,
      0.9437225109956018,
      0.9501199520191923
    ]
  }
}
