{
  "timestamp": "2025-04-06T16:07:27.159097",
  "time_took": "9.0 min 17.310415267944336 sec",
  "metrics": {
    "train_loss": [
      0.9387310401121776,
      0.5602176044834984,
      0.44105854336354466,
      0.3728552353216542,
      0.3313209973726008,
      0.30338021708130836,
      0.27977739571366045,
      0.26484796366708147,
      0.24812879774305555,
      0.23718351678964164,
      0.22280071636628773,
      0.21398241173956128,
      0.20686732227032384,
      0.1989887762264245,
      0.1885154146568229,
      0.18191364567337764,
      0.17848239374682306,
      0.17260645277686418,
      0.16736350607648492,
      0.16328580886324245
    ],
    "val_loss": [
      0.5107658907604484,
      0.33660228255862434,
      0.2649843337984321,
      0.3199414127021314,
      0.17900215430533328,
      0.23078003884427034,
      0.1664696288199875,
      0.1594603642859993,
      0.14271183846333918,
      0.324507814543411,
      0.15911107506237018,
      0.2120792599656759,
      0.166305853123851,
      0.10869064015305092,
      0.1348424821165197,
      0.19674360373328192,
      0.1019707685823704,
      0.10425592048451476,
      0.11450021465371449,
      0.0976191563083576
    ],
    "train_accuracy": [
      0.6705409129294635,
      0.8048024356638073,
      0.8481376950086671,
      0.8717831903640162,
      0.8868838615049558,
      0.896973198808836,
      0.9063069469754211,
      0.911040490688475,
      0.9149628872394329,
      0.919607538112805,
      0.9242744121960976,
      0.9274078847948798,
      0.9298746610960487,
      0.9328970176452287,
      0.9360527134539313,
      0.9391195164229521,
      0.9399306635850482,
      0.9417085203786835,
      0.9433530379127961,
      0.9445864260633806
    ],
    "val_accuracy": [
      0.8247700919632147,
      0.8917433026789284,
      0.9093362654938025,
      0.8906437425029988,
      0.9442223110755698,
      0.9160335865653738,
      0.9433226709316274,
      0.9485205917632947,
      0.9540183926429429,
      0.8783486605357856,
      0.9461215513794482,
      0.920531787285086,
      0.9429228308676529,
      0.9632147141143542,
      0.9530187924830068,
      0.9291283486605358,
      0.9661135545781687,
      0.9666133546581367,
      0.961015593762495,
      0.9681127548980408
    ]
  }
}
