{
  "timestamp": "2025-04-06T16:26:36.926732",
  "time_took": "6.0 min 56.73251175880432 sec",
  "metrics": {
    "train_loss": [
      0.9219310547616747,
      0.5472822782827749,
      0.43861491189135443,
      0.37306319266690147,
      0.3361356341004372,
      0.30194509150551424,
      0.2818741242344181,
      0.26542896636012525,
      0.2502907243979474,
      0.23646538049628338,
      0.22275537743825052,
      0.2175324429108037,
      0.20758443007361557,
      0.19764748241793778,
      0.19136983177347316
    ],
    "val_loss": [
      0.4973128675438535,
      0.3017221706184431,
      0.28605008058952164,
      0.2571140137224342,
      0.20463592566091554,
      0.2419940284855021,
      0.19825323819429777,
      0.25406234930403315,
      0.1943266771439189,
      0.1718088295630599,
      0.215102895099027,
      0.13473984602609643,
      0.12327220218446545,
      0.15754606880726643,
      0.24823166973020036
    ],
    "train_accuracy": [
      0.6764522867683008,
      0.8101137828347926,
      0.8497266545179786,
      0.8710942708564825,
      0.8846504289079514,
      0.8967843015245122,
      0.9053402373438819,
      0.9092292990799591,
      0.9139850660029335,
      0.9199408862616116,
      0.9250077781234721,
      0.9264189519534202,
      0.9293079692430775,
      0.9329414640650695,
      0.9348971065380683
    ],
    "val_accuracy": [
      0.8219712115153939,
      0.8950419832067174,
      0.9016393442622951,
      0.9178328668532587,
      0.9290283886445422,
      0.9193322670931627,
      0.9310275889644143,
      0.9060375849660136,
      0.9308276689324271,
      0.9412235105957617,
      0.9229308276689324,
      0.9563174730107957,
      0.9593162734906038,
      0.9448220711715314,
      0.9095361855257896
    ]
  }
}
