{
  "timestamp": "2025-03-31T06:52:05.533405",
  "time_took": "17.0 min 20.218420267105103 sec",
  "metrics": {
    "train_loss": [
      1.5644152628427201,
      1.2693228335543112,
      1.1622938919304446,
      1.0841734610836615,
      1.030334880236875,
      0.9881379475647752,
      0.949213374236768,
      0.9182755555957556,
      0.8925492532805286,
      0.8637900888411836,
      0.8461426901207729,
      0.8221740161322735,
      0.8013743599030104,
      0.7889722250401974,
      0.7722822785885497,
      0.7582466316155412,
      0.7464592992751435,
      0.7365659647197886,
      0.7248363109220836,
      0.7090347849086605
    ],
    "val_loss": [
      2.909417273123053,
      2.3814396616778795,
      1.8952490317670605,
      1.6244631945332395,
      1.5386431820784943,
      1.3064099791683728,
      1.065963344483436,
      1.0722246071960353,
      1.0761457764649693,
      0.9766156318821485,
      1.043964047975178,
      1.0188024707987338,
      0.9296497295174417,
      0.882238961473296,
      0.8380300251743461,
      0.852958736540396,
      0.8902138720584821,
      0.945687619945671,
      0.7526497531540787,
      0.8347570964052707
    ],
    "train_accuracy": [
      0.410129339081737,
      0.525401128939064,
      0.5689919551980088,
      0.6008155918040802,
      0.6235832703675719,
      0.6393839726210053,
      0.6563736166051825,
      0.6658295924263301,
      0.6761856082492556,
      0.6880083559269301,
      0.6921974309969332,
      0.7015311791635184,
      0.7085537134983777,
      0.7124316636294946,
      0.7172985466020712,
      0.7263767278545713,
      0.7299768878616827,
      0.7336659407084759,
      0.7370772034312636,
      0.7440330681363616
    ],
    "val_accuracy": [
      0.20561775289884046,
      0.3086765293882447,
      0.40793682526989206,
      0.48220711715313874,
      0.4962015193922431,
      0.5580767692922831,
      0.6155537784886046,
      0.6246501399440224,
      0.6200519792083167,
      0.640843662534986,
      0.6288484606157537,
      0.6261495401839264,
      0.6766293482606958,
      0.6874250299880048,
      0.7001199520191923,
      0.6883246701319472,
      0.6797281087564974,
      0.6633346661335466,
      0.7270091963214714,
      0.6962215113954419
    ]
  }
}
