{
  "timestamp": "2025-03-31T06:17:27.121543",
  "time_took": "17.0 min 19.377996683120728 sec",
  "metrics": {
    "train_loss": [
      1.5212791126898744,
      1.2409110932864926,
      1.1256332762370056,
      1.052644488147714,
      0.9996645327826793,
      0.9632282643155619,
      0.9250560816038739,
      0.8906236301091585,
      0.8624601524153893,
      0.833856996064159,
      0.8142468545755203,
      0.7883847789330916,
      0.7715510159561579,
      0.7519453525627878,
      0.7336549679325386,
      0.7215358507396146,
      0.7097709211944179,
      0.6992870148440654,
      0.6851565574973144,
      0.6754532007669861
    ],
    "val_loss": [
      3.007389334183705,
      2.407950268516058,
      1.9418608146377756,
      1.5789813708655442,
      1.3815963449357431,
      1.2566815418533133,
      1.1560206390634369,
      1.0726201504091673,
      1.21461904652511,
      0.9772242715087118,
      0.8985677927355223,
      1.0143826769877085,
      0.9331293045719967,
      0.8845961259890206,
      0.7468614676330663,
      0.7894230190711685,
      0.7568930938274046,
      0.754024707063844,
      0.8228880144372771,
      0.7133396973338308
    ],
    "train_accuracy": [
      0.42868571936530514,
      0.5389906218054136,
      0.5843481932530334,
      0.6128827947908796,
      0.6339281745855372,
      0.6483288146139828,
      0.6634628205698031,
      0.6764189519534202,
      0.6855415796257611,
      0.6981199164407307,
      0.7037868349704431,
      0.7147428774612204,
      0.7208542601893417,
      0.7268100804480199,
      0.7352771234277079,
      0.7384439308413707,
      0.7429552424552203,
      0.7472665451797857,
      0.75252233432597,
      0.7553669051957865
    ],
    "val_accuracy": [
      0.2190123950419832,
      0.3090763694522191,
      0.39704118352658935,
      0.48330667732906835,
      0.5329868052778889,
      0.5672730907636945,
      0.5902638944422232,
      0.6236505397840864,
      0.573170731707317,
      0.647141143542583,
      0.6736305477808876,
      0.639344262295082,
      0.6698320671731307,
      0.6811275489804078,
      0.7285085965613755,
      0.7187125149940023,
      0.7284086365453818,
      0.7336065573770492,
      0.7076169532187125,
      0.7430027988804478
    ]
  }
}
