{
  "timestamp": "2025-03-31T06:00:07.743188",
  "time_took": "17.0 min 17.95013117790222 sec",
  "metrics": {
    "train_loss": [
      1.5151726312258027,
      1.2282936817712404,
      1.1201857864348725,
      1.0436880035664549,
      0.9915165494788777,
      0.9520120436156337,
      0.913329918530177,
      0.8822792577980594,
      0.854551377875561,
      0.831445972265845,
      0.811940541067584,
      0.7889710620722987,
      0.7646244706755335,
      0.7444174147041683,
      0.7295520794154569,
      0.7107302071949975,
      0.6949519492601129,
      0.6826833514073356,
      0.6668672415597195,
      0.6546143419532613
    ],
    "val_loss": [
      3.7380103461350065,
      2.412131445317329,
      2.0254506808293016,
      1.8137547109700456,
      1.5433849005759517,
      1.48844590519048,
      1.3291852776008317,
      1.1065435741521135,
      1.0644188621376134,
      1.0449880708622028,
      0.9168903118447412,
      0.8678101516222652,
      1.0963222090202043,
      0.7043226693249955,
      0.8771669585493547,
      0.8212833713881577,
      0.8206393047224118,
      0.7717832357068605,
      0.8025176193140731,
      0.7849916695039484
    ],
    "train_accuracy": [
      0.4292635228232366,
      0.5423241032934797,
      0.5849371083159252,
      0.6160384905995822,
      0.6356282501444509,
      0.6520512022756567,
      0.6667296324281079,
      0.6792412996133161,
      0.6877305658029246,
      0.697731010267123,
      0.7062424996666519,
      0.7139983999288857,
      0.722632116982977,
      0.7307658118138584,
      0.73487710564914,
      0.7413885061558292,
      0.747533223698831,
      0.7523001022267657,
      0.7577781234721543,
      0.7626561180496911
    ],
    "val_accuracy": [
      0.16063574570171932,
      0.3476609356257497,
      0.40503798480607756,
      0.45091963214714115,
      0.4957017193122751,
      0.5215913634546182,
      0.5517792882846861,
      0.5987604958016793,
      0.6235505797680928,
      0.6319472211115553,
      0.6608356657337066,
      0.6865253898440624,
      0.6285485805677729,
      0.7429028388644542,
      0.6855257896841264,
      0.7043182726909236,
      0.6988204718112755,
      0.7198120751699321,
      0.7114154338264694,
      0.7205117952818872
    ]
  }
}
