{
  "timestamp": "2025-03-31T05:42:49.792702",
  "time_took": "17.0 min 16.868687629699707 sec",
  "metrics": {
    "train_loss": [
      1.5143717195500026,
      1.2312113545327024,
      1.121345623396337,
      1.0476481392979622,
      0.9923746644265272,
      0.9501433023674921,
      0.9137490792199969,
      0.8845282485708594,
      0.8562636256048625,
      0.827888833866878,
      0.8077757057141174,
      0.7805368755520745,
      0.7593950650400736,
      0.7427147364413197,
      0.7248219738883729,
      0.7032378649508412,
      0.6934390442699871,
      0.6764052581380714,
      0.6633361177518964,
      0.6463703135113147
    ],
    "val_loss": [
      2.280651379235183,
      1.6839432942716381,
      1.7081658991077278,
      1.3616243042523348,
      1.2200809234305272,
      1.2125748252566857,
      1.2359432208387158,
      1.0327382276329813,
      0.9479775579669808,
      1.060627588742896,
      1.1079578467562228,
      0.9157255940799471,
      0.7876772461812708,
      0.7238668508921997,
      0.8491738355612453,
      0.9243711821640594,
      0.7468279615233216,
      0.7820663052269176,
      0.6456836578966696,
      0.6783573035197922
    ],
    "train_accuracy": [
      0.4314302857904796,
      0.5424685541579626,
      0.5854037957242544,
      0.6133605938041691,
      0.6365616249611094,
      0.6510622694341971,
      0.666429619094182,
      0.6769078625716699,
      0.6874305524689986,
      0.6996310947153207,
      0.7080536912751678,
      0.7162318325258901,
      0.7249433308147029,
      0.7308213698386595,
      0.7367327436774967,
      0.7458442597448776,
      0.7484443753055692,
      0.7551335614916218,
      0.7591337392773012,
      0.7638339481754745
    ],
    "val_accuracy": [
      0.2916833266693323,
      0.43152738904438226,
      0.4570171931227509,
      0.5461815273890444,
      0.5786685325869653,
      0.5796681327469012,
      0.5770691723310676,
      0.6316473410635746,
      0.654938024790084,
      0.6232506997201119,
      0.6079568172730908,
      0.6680327868852459,
      0.7148140743702519,
      0.7293082766893243,
      0.6984206317473011,
      0.6641343462614954,
      0.7233106757297081,
      0.7156137544982007,
      0.7634946021591363,
      0.7528988404638145
    ]
  }
}
