{
  "timestamp": "2025-03-31T07:09:24.408832",
  "time_took": "17.0 min 18.87503671646118 sec",
  "metrics": {
    "train_loss": [
      1.6025441265241667,
      1.3013239162550732,
      1.1830345255068757,
      1.0996011877432466,
      1.0467089019207791,
      1.0004201686348428,
      0.9657343079928647,
      0.9383397070182995,
      0.9137828475372358,
      0.8874354859475385,
      0.8641220981424506,
      0.8403325831009583,
      0.8208292526277629,
      0.802722550843927,
      0.7884030102498152,
      0.7734088587828658,
      0.758567301302471,
      0.7432753543623469,
      0.7281100304204632,
      0.7196330406957052
    ],
    "val_loss": [
      2.170043525816519,
      1.9227572347544417,
      1.8395307939263839,
      1.8675216934348964,
      1.360027880608281,
      1.3705603759500045,
      1.273081470139419,
      1.1668642306629615,
      1.1077514660509327,
      0.9885229558884343,
      0.9654761786702313,
      0.9876676639424095,
      0.8763994755624216,
      0.9540290440185161,
      0.8338670662686795,
      0.8003732426257073,
      0.8255935650837573,
      0.7041082593459117,
      0.7533225854740867,
      0.7827529990220372
    ],
    "train_accuracy": [
      0.39498422152095647,
      0.5136339392861905,
      0.5609804880216899,
      0.5959931552513446,
      0.6154495755366906,
      0.6340837370549802,
      0.6461731632517,
      0.6600848926618961,
      0.6682074758878173,
      0.6767967465220677,
      0.6855749144406418,
      0.6948308813725055,
      0.7022312102760123,
      0.7091759633761501,
      0.7138983954842437,
      0.7210542690786257,
      0.7260767145206454,
      0.7319325303346815,
      0.7355882483665941,
      0.7406218054135739
    ],
    "val_accuracy": [
      0.2843862455017993,
      0.3847461015593763,
      0.413734506197521,
      0.43672530987604957,
      0.5431827269092363,
      0.5485805677728909,
      0.5667732906837265,
      0.5956617353058776,
      0.5991603358656538,
      0.6441423430627748,
      0.6415433826469412,
      0.6431427429028389,
      0.6808276689324271,
      0.6575369852059176,
      0.6953218712514994,
      0.7018192722910835,
      0.6957217113154738,
      0.735905637744902,
      0.726109556177529,
      0.7138144742103159
    ]
  }
}
