{
  "timestamp": "2025-03-31T06:34:45.314631",
  "time_took": "17.0 min 18.192615032196045 sec",
  "metrics": {
    "train_loss": [
      1.5420775877481157,
      1.250820236111229,
      1.1458401903510094,
      1.0820633671669797,
      1.0265882356430998,
      0.9916913682933558,
      0.9534000741656531,
      0.9268252858892083,
      0.9014498487284238,
      0.8769517885521054,
      0.857437518086623,
      0.829898576929488,
      0.8115596038882028,
      0.792789991775697,
      0.7820730680938471,
      0.7607525059614669,
      0.7525190832093358,
      0.7357806469398466,
      0.7200971172953193,
      0.7124950289726257
    ],
    "val_loss": [
      2.2989885505241685,
      2.163981246042855,
      1.7470686526238164,
      1.5014578073839597,
      1.389640856392776,
      1.2123459954805011,
      1.1838798756840863,
      1.049994396258004,
      1.0336648037162008,
      1.26918412009372,
      0.9003059283087526,
      0.8918500225755233,
      0.7689985323555862,
      0.8973373061493982,
      0.8517269069635416,
      0.7412709122217154,
      0.7665765217587918,
      0.746066594425636,
      0.7682063949259021,
      0.7811180436158482
    ],
    "train_accuracy": [
      0.42007422552113427,
      0.5314569536423841,
      0.5752700120005334,
      0.6009155962487222,
      0.6239610649362194,
      0.636339392861905,
      0.6494177519000844,
      0.6609182630339127,
      0.6710964931774746,
      0.6801746744299747,
      0.6880416907418108,
      0.6973643273034357,
      0.7047424329970221,
      0.7116760744921996,
      0.7139206186941642,
      0.722887683897062,
      0.7270323125472243,
      0.7320214231743633,
      0.7379216854082403,
      0.7409551535623805
    ],
    "val_accuracy": [
      0.27159136345461815,
      0.3400639744102359,
      0.4486205517792883,
      0.48880447820871653,
      0.5325869652139145,
      0.5873650539784087,
      0.5838664534186325,
      0.6263494602159136,
      0.6128548580567773,
      0.5781687325069972,
      0.6738304678128748,
      0.6816273490603758,
      0.7159136345461815,
      0.6853258696521392,
      0.6844262295081968,
      0.7238104758096762,
      0.7172131147540983,
      0.7253098760495802,
      0.7220111955217913,
      0.7218112754898041
    ]
  }
}
