{
  "timestamp": "2025-04-04T13:16:03.119692",
  "time_took": "20.0 min 58.29309034347534 sec",
  "metrics": {
    "train_loss": [
      1.885493417185816,
      1.4248305936767296,
      1.3031333083794876,
      1.2177282783456824,
      1.1328503304076465,
      1.067421631633558,
      1.0193290414965965,
      0.9723212267695502,
      0.938434214500541,
      0.9007652355358005,
      0.8671195255592465,
      0.8417432493614879,
      0.8180341905152256,
      0.7978589201600037,
      0.7745424444702539,
      0.7595015229995955,
      0.7444776570509103,
      0.7318096408959139,
      0.7159347607415508,
      0.7012035656635734
    ],
    "val_loss": [
      2.320982836469819,
      3.5933161355272123,
      3.0493698240835454,
      1.7063633022429068,
      1.82772909840451,
      1.4887482048589973,
      1.37017544462711,
      1.3968907549411436,
      1.3189602833759935,
      1.4056887128685094,
      0.968311530125292,
      1.1421350089809563,
      1.2145894245256352,
      1.0654361421548868,
      1.0409766231911093,
      1.0465405817273297,
      0.9946791612649266,
      0.9020065227641335,
      0.8142204782630824,
      0.7865982689434969
    ],
    "train_accuracy": [
      0.2839348415485133,
      0.4628983510378239,
      0.5127894573092138,
      0.5496910973821059,
      0.5835259344859771,
      0.6081825858927064,
      0.6279501311169385,
      0.6445175341126272,
      0.657862571669852,
      0.6764189519534202,
      0.6881305835814925,
      0.6990644028623494,
      0.706753633494822,
      0.7160096004266856,
      0.7232432552557891,
      0.7283657051424508,
      0.7347548779945775,
      0.738610604915774,
      0.7461553846837637,
      0.7503000133339259
    ],
    "val_accuracy": [
      0.26669332267093165,
      0.1688324670131947,
      0.25719712115153937,
      0.4212315073970412,
      0.41953218712514995,
      0.47720911635345864,
      0.5157936825269892,
      0.5108956417433027,
      0.553078768492603,
      0.5438824470211915,
      0.6436425429828069,
      0.5999600159936026,
      0.5801679328268693,
      0.6323470611755297,
      0.6426429428228708,
      0.6419432227109156,
      0.6469412235105958,
      0.68812475009996,
      0.7091163534586166,
      0.71781287485006
    ]
  }
}
