{
  "timestamp": "2025-03-30T22:40:44.661318",
  "time_took": "17.0 min 16.67318105697632 sec",
  "metrics": {
    "train_loss": [
      1.4609305081381039,
      1.1707189433615317,
      1.055009776726365,
      0.9856632081791759,
      0.935252179984342,
      0.896726639602672,
      0.8595974111336876,
      0.8299883175641298,
      0.8023876524953679,
      0.785583539865911,
      0.7624008030715314,
      0.7424840740859509,
      0.7248512358320031,
      0.7095148584551432,
      0.6956467168744315,
      0.6800714209252461,
      0.6659892355938527,
      0.650568457743661,
      0.642532068177719,
      0.6368968379260465
    ],
    "val_loss": [
      2.2874799167053608,
      2.1169587253015254,
      1.3298167367524738,
      1.5321299395983732,
      1.0280028785331339,
      1.0851403678519815,
      1.1475038528442383,
      1.0032565178750437,
      0.8963563910013512,
      0.8891849314110188,
      0.723278634910342,
      0.7533926164047627,
      0.7036541602279567,
      0.672136668917499,
      0.6809645800650874,
      0.7376328548298606,
      0.6356711519669883,
      0.6616796092896522,
      0.6318052294133585,
      0.7236709157122841
    ],
    "train_accuracy": [
      0.453831281390284,
      0.5665140672918796,
      0.6151606738077248,
      0.6398728832392551,
      0.6592404106849193,
      0.6725743366371839,
      0.6889306191386284,
      0.7002422329881328,
      0.7107982577003422,
      0.7147539890661807,
      0.7226543401928974,
      0.7297768789723987,
      0.7370216454064625,
      0.7408995955375794,
      0.7486999422196542,
      0.7535334903773501,
      0.7605226898973287,
      0.7645339792879684,
      0.7687119427530112,
      0.7704231299168852
    ],
    "val_accuracy": [
      0.2815873650539784,
      0.35415833666533386,
      0.524390243902439,
      0.49520191923230705,
      0.6342463014794082,
      0.6039584166333467,
      0.5991603358656538,
      0.6450419832067174,
      0.6796281487405038,
      0.6856257497001199,
      0.7298080767692923,
      0.7240103958416634,
      0.7465013994402239,
      0.7492003198720512,
      0.7454018392642943,
      0.7326069572171131,
      0.7698920431827269,
      0.7535985605757697,
      0.7674930027988804,
      0.7446021591363454
    ]
  }
}
