{
  "timestamp": "2025-04-05T17:31:48.835483",
  "time_took": "4.0 min 56.67774772644043 sec",
  "metrics": {
    "train_loss": [
      0.9098341810432348,
      0.6723987448706545,
      0.5814449484883384,
      0.521531227637421,
      0.4764301215552471,
      0.4412239606238224,
      0.4132470788899809,
      0.3874210868750445,
      0.3676196389450607,
      0.3479586606210267,
      0.33353560320525005,
      0.3201472050595013,
      0.3078217718072913,
      0.29245545992373745,
      0.2831887348174033,
      0.27258556782775983,
      0.26006230113985523,
      0.2521836925721304,
      0.24545223320919005,
      0.23493957613721828
    ],
    "val_loss": [
      0.6572651968726629,
      0.5633218582672409,
      0.4935116303872459,
      0.4939047328278988,
      0.4294086019449596,
      0.36934913298751737,
      0.3777694400352768,
      0.36282689473297025,
      0.3159138460325289,
      0.38667919552778895,
      0.3205148002392129,
      0.2952625230897831,
      0.3458625259278696,
      0.3546375777525238,
      0.3635174069978014,
      0.29432327536088004,
      0.27828766198097904,
      0.2618996891417081,
      0.3374328319030472,
      0.2762018034729776
    ],
    "train_accuracy": [
      0.6828414596204275,
      0.76562291657407,
      0.7987354993555269,
      0.8181474732210321,
      0.8331592515222899,
      0.8460042668563047,
      0.8552713453931285,
      0.8643495266456287,
      0.8711942753011245,
      0.8773834392639673,
      0.8830836926085603,
      0.887650562247211,
      0.8918618605271346,
      0.8975510022667674,
      0.9006733632605893,
      0.9046402062313881,
      0.9095404240188453,
      0.9120183119249744,
      0.9137183874838882,
      0.9178852393439708
    ],
    "val_accuracy": [
      0.7805877648940424,
      0.8091763294682127,
      0.8331667333066773,
      0.82796881247501,
      0.8531587365053979,
      0.8768492602958816,
      0.8705517792882846,
      0.867952818872451,
      0.8964414234306277,
      0.861655337864854,
      0.8896441423430628,
      0.8977409036385445,
      0.8715513794482207,
      0.8710515793682527,
      0.8718512594962016,
      0.8963414634146342,
      0.9031387445021991,
      0.9079368252698921,
      0.8766493402638944,
      0.9027389044382247
    ]
  }
}
