{
  "timestamp": "2025-04-04T12:30:14.265055",
  "time_took": "20.0 min 28.4656023979187 sec",
  "metrics": {
    "train_loss": [
      1.7532357580282472,
      1.4070776240392164,
      1.2559171531518751,
      1.1606819141148166,
      1.096953577108004,
      1.0430026483637365,
      1.004681502214887,
      0.9641464664177462,
      0.933866323903203,
      0.9102556333792481,
      0.8816703142259609,
      0.856236672875556,
      0.835712375542657,
      0.816584449769421,
      0.7963396305726334,
      0.7769221759993922,
      0.7633555205538869,
      0.7424812309274619,
      0.7344655902124941,
      0.7207704025151377
    ],
    "val_loss": [
      2.156972530521924,
      1.8253210964082163,
      1.6852683975726743,
      1.6513094811499873,
      1.2638462374481974,
      1.0137465068056613,
      1.063995802704292,
      1.0517516241797917,
      1.2451842570606666,
      0.9755674253536176,
      1.0317326844493044,
      0.8737433952621266,
      0.7570958235595799,
      0.9050117972530897,
      0.9694719563556623,
      0.7412505315828927,
      0.8705213356621658,
      0.9434744089464598,
      0.7192879873740522,
      0.6755870429775382
    ],
    "train_accuracy": [
      0.3340592915240677,
      0.467943019689764,
      0.5324236632739233,
      0.56955864705098,
      0.5968931952531223,
      0.6171829859104849,
      0.6316947419885328,
      0.6473176585626028,
      0.6600737810569358,
      0.6689186186052714,
      0.6795968709720432,
      0.6903417929685763,
      0.6981976976754523,
      0.7064758433708165,
      0.7130872483221476,
      0.719154184630428,
      0.7255989155073559,
      0.7328436819414196,
      0.7362882794790879,
      0.740577358993733
    ],
    "val_accuracy": [
      0.21041583366653338,
      0.329968012794882,
      0.3864454218312675,
      0.42602958816473413,
      0.5460815673730508,
      0.6220511795281887,
      0.6115553778488605,
      0.6192522990803678,
      0.568672530987605,
      0.6372451019592164,
      0.6406437425029988,
      0.6865253898440624,
      0.7253098760495802,
      0.6748300679728109,
      0.6547381047580968,
      0.733406637345062,
      0.6855257896841264,
      0.6716313474610156,
      0.7413034786085566,
      0.7590963614554178
    ]
  }
}
