{
  "timestamp": "2025-03-30T23:49:56.015133",
  "time_took": "17.0 min 17.67183566093445 sec",
  "metrics": {
    "train_loss": [
      1.6044337263500148,
      1.3114241332831709,
      1.1989432694390416,
      1.1189650695093654,
      1.0646662766283208,
      1.0228698881004343,
      0.9912044420330361,
      0.9567901789295402,
      0.9327744412320581,
      0.9028983860361305,
      0.8796728967096318,
      0.8596713888374242,
      0.835676535456018,
      0.8138904702765021,
      0.802111266688867,
      0.7821714563125913,
      0.7683612705547024,
      0.7515174025161699,
      0.7376623517748985,
      0.7281853837723081
    ],
    "val_loss": [
      2.5914225095435035,
      2.190912823133831,
      1.8259129720398142,
      1.6515791657604748,
      1.3729183432422107,
      1.3222639092916175,
      1.1347024546393865,
      1.2845995999589752,
      1.0215126351465154,
      1.0525405920004542,
      0.9469880869116964,
      1.1550266840789891,
      0.838320038741148,
      0.8642054162447965,
      0.8487896474101876,
      0.7875974555558796,
      0.7574025890495204,
      0.8168906260140335,
      0.8804799688013294,
      0.8521991334384
    ],
    "train_accuracy": [
      0.3946286501622294,
      0.507611449397751,
      0.5556802524556647,
      0.5871816525178897,
      0.6107049202186764,
      0.6252277879016845,
      0.6392728565714032,
      0.6520734254855771,
      0.6604515756255833,
      0.6734743766389617,
      0.68195253122361,
      0.6884972665451797,
      0.6965420685363793,
      0.7061202720120894,
      0.7080203564602872,
      0.7169651984532646,
      0.7212542779679096,
      0.7281323614382862,
      0.7326992310769368,
      0.7387995022000978
    ],
    "val_accuracy": [
      0.23920431827269092,
      0.3321671331467413,
      0.4024390243902439,
      0.45221911235505796,
      0.5323870451819273,
      0.5450819672131147,
      0.5973610555777689,
      0.5582766893242703,
      0.6288484606157537,
      0.6255497800879648,
      0.6500399840063974,
      0.6052578968412635,
      0.6973210715713715,
      0.6835265893642543,
      0.6953218712514994,
      0.7069172331067572,
      0.7248100759696121,
      0.7077169132347061,
      0.6849260295881647,
      0.7019192323070772
    ]
  }
}
