{
  "timestamp": "2025-03-30T22:58:01.790205",
  "time_took": "17.0 min 17.128573179244995 sec",
  "metrics": {
    "train_loss": [
      1.5356435875662349,
      1.230691877193749,
      1.117488538761708,
      1.0416452336887068,
      0.993880766782571,
      0.9482842308723114,
      0.9171557563611052,
      0.8914547108791091,
      0.8608410620045933,
      0.8382339614697478,
      0.814231263727627,
      0.7949459427459673,
      0.7767860134216872,
      0.7610644710842859,
      0.741974660280076,
      0.732449883595109,
      0.7147397677075457,
      0.706287937619808,
      0.6924934406256811,
      0.684625759805468
    ],
    "val_loss": [
      2.23387382453001,
      1.7116885637935204,
      1.7114202176468283,
      1.4661301864853389,
      1.3416537046432495,
      1.3151909701431854,
      1.2177247586129587,
      1.0009854202029072,
      1.0670788891707794,
      1.0007527115978772,
      1.1828713160526902,
      0.8790430192705951,
      0.9336255494552322,
      0.9189238389836082,
      0.7753706717792945,
      0.9386671027050743,
      0.8693532121332386,
      0.7972331386578234,
      0.7224808772907981,
      0.7366729310796231
    ],
    "train_accuracy": [
      0.42669674207742564,
      0.5430685808258144,
      0.5899928885728255,
      0.6176385617138539,
      0.6373727721232054,
      0.6550513356149162,
      0.6656406951420063,
      0.6765522912129428,
      0.6862749455531357,
      0.6964309524867772,
      0.702364549535535,
      0.710431574736655,
      0.7172763233921507,
      0.7229210187119427,
      0.7302546779856882,
      0.7319658651495622,
      0.7406329170185342,
      0.7435774923329925,
      0.748388817280768,
      0.7515000666696298
    ],
    "val_accuracy": [
      0.29418232706917236,
      0.4331267493002799,
      0.44032387045181925,
      0.5045981607357057,
      0.544782087165134,
      0.556077568972411,
      0.5793682526989204,
      0.6425429828068773,
      0.6302479008396641,
      0.6360455817672931,
      0.5977608956417433,
      0.6815273890443823,
      0.6691323470611755,
      0.6713314674130347,
      0.7166133546581367,
      0.6739304278288685,
      0.68812475009996,
      0.7057177129148341,
      0.7393042782886845,
      0.7330067972810875
    ]
  }
}
