{
  "timestamp": "2025-03-30T22:23:27.987774",
  "time_took": "17.0 min 18.385845184326172 sec",
  "metrics": {
    "train_loss": [
      1.4153281160714952,
      1.1019324573942206,
      0.9847660715776411,
      0.917113210497932,
      0.8699117764322595,
      0.8264925849877975,
      0.7895913516933267,
      0.7580330899323929,
      0.7371068371629174,
      0.716493237297982,
      0.690219874451445,
      0.6761533962139352,
      0.661165053575215,
      0.6455666249279272,
      0.63706174492836,
      0.6249959272417155,
      0.6088833755136214,
      0.5942965631627224,
      0.5897069587160579,
      0.5758087386546488
    ],
    "val_loss": [
      2.206417474565627,
      1.8739233137686042,
      1.1768138650097424,
      0.9889156403420847,
      0.9981331998788858,
      0.9882387284991108,
      0.8539395143714132,
      0.7251650117620637,
      0.7944266886650762,
      0.8037776486783088,
      0.6890570970275735,
      0.7662474226348007,
      0.6770701042458981,
      0.6724300003504451,
      0.5929102599620819,
      0.6013356330274027,
      0.5809777873226359,
      0.5784546532962895,
      0.5921773329565797,
      0.547345627712298
    ],
    "train_accuracy": [
      0.4734432641450731,
      0.5986043824169963,
      0.6429396862082759,
      0.669051957864794,
      0.6845637583892618,
      0.7020200897817681,
      0.7152651228943508,
      0.7245322014311747,
      0.7354104626872305,
      0.7416551846748745,
      0.7503333481488066,
      0.7557558113693942,
      0.7618005244677541,
      0.7666451842304103,
      0.7707453664607316,
      0.7751566736299391,
      0.7800457798124361,
      0.7874016622961021,
      0.7880905818036357,
      0.794101960087115
    ],
    "val_accuracy": [
      0.33296681327469013,
      0.3952419032387045,
      0.5777688924430228,
      0.638344662135146,
      0.6384446221511395,
      0.6364454218312675,
      0.6888244702119153,
      0.7404038384646141,
      0.7123150739704118,
      0.7103158736505398,
      0.7491003598560576,
      0.7190123950419832,
      0.7590963614554178,
      0.7601959216313474,
      0.7780887644942023,
      0.7833866453418633,
      0.7862854858056777,
      0.7993802479008396,
      0.7848860455817673,
      0.8037784886045581
    ]
  }
}
