{
  "timestamp": "2025-03-30T21:48:52.893726",
  "time_took": "17.0 min 16.1063175201416 sec",
  "metrics": {
    "train_loss": [
      1.2475384470414033,
      0.9541837532411922,
      0.8557569787583568,
      0.7881519616666165,
      0.7351242156953297,
      0.6912505511109802,
      0.6612292859618637,
      0.6349565619179471,
      0.6141086098399352,
      0.5945583461699161,
      0.5774996318346397,
      0.5603817687793211,
      0.5500115130773999,
      0.537097172091969,
      0.5290418348105793,
      0.5157336071556942,
      0.5051270831714977,
      0.5000217601402916,
      0.493745567234741,
      0.48043296071277425
    ],
    "val_loss": [
      1.0752982889549643,
      1.0179545147509514,
      0.8017551936680758,
      0.8326689314238632,
      0.72491144379483,
      0.6569468514828742,
      0.6514371584487867,
      0.656192508679402,
      0.6415383464927915,
      0.6856580704827852,
      0.6261246276052692,
      0.6483728576310074,
      0.572427585155149,
      0.5520067577120624,
      0.4920812528344649,
      0.5040393154832381,
      0.5474201052249232,
      0.6666004386129258,
      0.5994114623039584,
      0.48198333118535297
    ],
    "train_accuracy": [
      0.5463131694741988,
      0.6582292546335393,
      0.6920085337126094,
      0.7160429352415663,
      0.7359327081203609,
      0.7513111693853061,
      0.7610449353304591,
      0.7709898217698564,
      0.7801013378372372,
      0.7863460598248811,
      0.7935574914440642,
      0.798791057380328,
      0.8024578870172008,
      0.8078914618427485,
      0.8117583003689053,
      0.8141695186452731,
      0.8194364193964176,
      0.8204364638428374,
      0.8249811102715676,
      0.8276812302769012
    ],
    "val_accuracy": [
      0.5989604158336665,
      0.6254498200719713,
      0.7071171531387445,
      0.6946221511395442,
      0.7432027189124351,
      0.7677928828468612,
      0.7583966413434626,
      0.7616953218712516,
      0.7714914034386245,
      0.758796481407437,
      0.7788884446221511,
      0.7708916433426629,
      0.7856857257097161,
      0.8008796481407437,
      0.8262694922031187,
      0.823170731707317,
      0.803078768492603,
      0.7503998400639744,
      0.7880847660935626,
      0.8257696921231508
    ]
  }
}
