{
  "timestamp": "2025-03-30T23:15:18.681878",
  "time_took": "17.0 min 16.89130139350891 sec",
  "metrics": {
    "train_loss": [
      1.6008267309516668,
      1.3027999570423907,
      1.1895523119548506,
      1.1069992928003722,
      1.0544800664382903,
      1.0100117312236265,
      0.9744280978021297,
      0.9504239088432356,
      0.919962490231476,
      0.8982256492599845,
      0.8715511894022877,
      0.8536737162450497,
      0.8380908127874136,
      0.8176282121884552,
      0.7998128405518152,
      0.7877721171826124,
      0.7726819436489181,
      0.7622091544961388,
      0.742362504274669,
      0.7351878443732858
    ],
    "val_loss": [
      2.3531203481215464,
      1.6990382143213778,
      1.8457467676718025,
      1.4539206541037257,
      1.2384187692328343,
      1.2029622038708458,
      1.171406332450577,
      1.1243614109256599,
      1.0491133535964579,
      1.0416603684425354,
      1.035911431795434,
      0.9936832242374178,
      0.9226222053358827,
      0.8566148831874509,
      0.7896096978006484,
      0.8778031581564795,
      0.8432015293761145,
      0.759117655361755,
      0.8425899464872819,
      0.9078682872313487
    ],
    "train_accuracy": [
      0.3970509800435575,
      0.5114338415040669,
      0.5584025956709187,
      0.5922818791946308,
      0.6132161429396862,
      0.6293613049468866,
      0.644350860038224,
      0.6539068403040135,
      0.665729587981688,
      0.6738966176274501,
      0.6828747944353082,
      0.6894417529667985,
      0.6945308680385794,
      0.7022200986710521,
      0.7100871149828881,
      0.7155318014133961,
      0.7189541757411441,
      0.7250544468643051,
      0.7313547268767501,
      0.7343104137961687
    ],
    "val_accuracy": [
      0.25879648140743705,
      0.41133546581367453,
      0.4148340663734506,
      0.5051979208316674,
      0.5762694922031187,
      0.5738704518192723,
      0.6009596161535385,
      0.5961615353858457,
      0.6166533386645342,
      0.6275489804078369,
      0.6351459416233507,
      0.6561375449820072,
      0.6649340263894442,
      0.6857257097161136,
      0.711015593762495,
      0.681827269092363,
      0.6933226709316274,
      0.725609756097561,
      0.7041183526589364,
      0.6716313474610156
    ]
  }
}
