{
  "timestamp": "2025-04-04T12:53:38.011201",
  "time_took": "20.0 min 40.09029221534729 sec",
  "metrics": {
    "train_loss": [
      1.7659401898695664,
      1.3644314169545064,
      1.2224397970871492,
      1.1295217860659414,
      1.0659751113165508,
      1.0146765802055597,
      0.9677185488187454,
      0.9320640044964172,
      0.8890528615394776,
      0.8606307214464654,
      0.8340150629678234,
      0.8079878098585389,
      0.7878425917164846,
      0.7691042774610899,
      0.7524423009546642,
      0.7342757906934078,
      0.7173491696488451,
      0.7058851768855344,
      0.6915501389991153,
      0.6784967830065977
    ],
    "val_loss": [
      2.2493457748920105,
      3.2950167987920063,
      2.4447572321831426,
      2.0770514343358295,
      2.2884096133558054,
      1.5548633684085895,
      1.2227012771594374,
      1.350080763237386,
      1.0192384304879587,
      0.9414880735964715,
      0.9970847307881222,
      0.9842884517923186,
      0.8910125403464595,
      0.9950270003910306,
      0.9266747628586202,
      0.962897271295137,
      0.8954028185409836,
      0.8549747029437295,
      0.6623076275934147,
      0.919569917117493
    ],
    "train_accuracy": [
      0.3314925107782568,
      0.4876661184941553,
      0.5411018267478555,
      0.5799146628739055,
      0.6077381216942975,
      0.6273056580292458,
      0.6456953642384106,
      0.6598515489577315,
      0.6765411796079825,
      0.6887306102493445,
      0.6992866349615539,
      0.7085314902884573,
      0.7167763011689409,
      0.7235099337748344,
      0.7301657851460065,
      0.7369216409618206,
      0.7422329881328059,
      0.7458442597448776,
      0.7519111960531579,
      0.7566558513711721
    ],
    "val_accuracy": [
      0.24560175929628147,
      0.23950419832067174,
      0.32257097161135545,
      0.3983406637345062,
      0.35925629748100757,
      0.4853058776489404,
      0.5767692922830868,
      0.5569772091163535,
      0.6402439024390244,
      0.6666333466613354,
      0.6567373050779688,
      0.6493402638944422,
      0.6907237105157937,
      0.6498400639744102,
      0.6817273090763695,
      0.6712315073970412,
      0.6904238304678129,
      0.7068172730907637,
      0.7570971611355458,
      0.6807277089164334
    ]
  }
}
