{
  "timestamp": "2025-03-31T00:07:16.072349",
  "time_took": "17.0 min 20.05686330795288 sec",
  "metrics": {
    "train_loss": [
      1.7914945368062367,
      1.459551198069345,
      1.3137585679915817,
      1.2264974239197644,
      1.1677302778275176,
      1.119521115567874,
      1.0774690406396985,
      1.0454780678688125,
      1.0085129813206466,
      0.9793131675740535,
      0.9537525717169046,
      0.937466714615849,
      0.9156506847251545,
      0.8972694265063513,
      0.876394106244499,
      0.8597618850286711,
      0.8491393322633072,
      0.835460417819294,
      0.8174077780409292,
      0.8125135458328507
    ],
    "val_loss": [
      1.7711820240262188,
      1.5906995082203346,
      1.373998821536197,
      1.1965196638167659,
      1.2191133672678018,
      1.2540081120744537,
      1.1841969882385641,
      1.0953869766826871,
      0.983977077128012,
      0.9212150611454928,
      0.8968210748479336,
      0.904463910603825,
      0.8928527002093158,
      0.923430535612227,
      0.7954086495351188,
      0.8540465711038324,
      0.7771709372725668,
      0.7852976752232902,
      0.7863598337656335,
      0.7732408793666695
    ],
    "train_accuracy": [
      0.32386994977554556,
      0.4494866438508378,
      0.5073669940886262,
      0.5436797190986266,
      0.5685030445797591,
      0.5891372949908885,
      0.6041935197119872,
      0.6168274145517578,
      0.6300613360593804,
      0.6405062447219877,
      0.6521845415351794,
      0.6560069336414952,
      0.6655073558824837,
      0.6738632828125695,
      0.68195253122361,
      0.6888528379039068,
      0.6921640961820525,
      0.6981532512556113,
      0.7024312191652963,
      0.7064647317658562
    ],
    "val_accuracy": [
      0.33446621351459416,
      0.4217313074770092,
      0.4971011595361855,
      0.5527788884446222,
      0.5611755297880847,
      0.5548780487804879,
      0.5739704118352659,
      0.599360255897641,
      0.640343862455018,
      0.656937225109956,
      0.6703318672530988,
      0.6723310675729708,
      0.6687325069972011,
      0.6602359056377449,
      0.7087165133946421,
      0.6921231507397041,
      0.7177129148340664,
      0.7177129148340664,
      0.7160135945621752,
      0.7203118752499
    ]
  }
}
