{
  "timestamp": "2025-03-30T22:06:09.601574",
  "time_took": "17.0 min 16.707464694976807 sec",
  "metrics": {
    "train_loss": [
      1.345755589956587,
      1.0436776404015042,
      0.9315974318676374,
      0.8627139908176932,
      0.8134978247637098,
      0.7712600828910415,
      0.7384444999254562,
      0.7102798533795233,
      0.6831764780323614,
      0.6613884272731163,
      0.6425716619176621,
      0.6245512742210518,
      0.6113598814064806,
      0.5993816457180814,
      0.5857514978640459,
      0.5758540474132381,
      0.568850618744777,
      0.5556344823403792,
      0.5471368395215408,
      0.5365121299400926
    ],
    "val_loss": [
      1.4302998871742925,
      1.0237877904614316,
      0.9886333716066578,
      0.9124956372417982,
      0.8356459872632087,
      0.9306158491327793,
      0.7390745402891424,
      0.7530215231678153,
      0.712916720517074,
      0.7302690095539335,
      0.6184823124469081,
      0.5908825133420244,
      0.6772675982004479,
      0.5516109025176568,
      0.6006217757357827,
      0.5090271785289426,
      0.571728804443456,
      0.5233688803413247,
      0.6308416969413999,
      0.5333798588076725
    ],
    "train_accuracy": [
      0.5051557847015423,
      0.6212609449308858,
      0.6641961864971776,
      0.6883972621005378,
      0.7059869327525667,
      0.7212876127827903,
      0.7328659051513401,
      0.7438330592470777,
      0.7516445175341127,
      0.7607782568114139,
      0.7680341348504378,
      0.7751677852348994,
      0.7807902573447709,
      0.7838459487088315,
      0.7898351037823903,
      0.7928574603315703,
      0.7953909062625005,
      0.800957820347571,
      0.8034023734388195,
      0.8076247833237032
    ],
    "val_accuracy": [
      0.48350659736105556,
      0.6180527788884447,
      0.6336465413834467,
      0.6733306677329068,
      0.7025189924030388,
      0.6646341463414634,
      0.7258096761295482,
      0.7243102758896441,
      0.7352059176329468,
      0.7348060775689724,
      0.7745901639344263,
      0.7907836865253899,
      0.7494002399040384,
      0.7993802479008396,
      0.7768892443022791,
      0.8126749300279889,
      0.7907836865253899,
      0.8139744102359057,
      0.7746901239504198,
      0.8029788084766094
    ]
  }
}
