{
  "timestamp": "2025-03-31T07:31:01.717243",
  "time_took": "12.0 min 57.98284888267517 sec",
  "metrics": {
    "train_loss": [
      1.6107815394008702,
      1.3045290037989616,
      1.1933380187573759,
      1.1200752752748402,
      1.0639513750475915,
      1.0187745118005709,
      0.9834093183109706,
      0.9574339747936889,
      0.9280158679255031,
      0.9048688226294789,
      0.880624204789373,
      0.8617138739844615,
      0.8426901374689557,
      0.8231348003345457,
      0.808095549148592
    ],
    "val_loss": [
      2.201856869685499,
      2.2306192192850234,
      1.629211040991771,
      1.650576318366618,
      1.5095876379858089,
      1.5317343382895747,
      1.1083812743802615,
      1.1747769969928115,
      0.9147306258165384,
      1.1466837329200552,
      0.9055742960941943,
      0.959552958796296,
      0.8854168623308593,
      0.8222542767283283,
      0.8644286763818958
    ],
    "train_accuracy": [
      0.3950064447308769,
      0.5102226765634028,
      0.5559691541846304,
      0.5871927641228499,
      0.6076825636694965,
      0.6284501533401484,
      0.6406840304013511,
      0.6516845193119695,
      0.6632405884705987,
      0.6718187474998889,
      0.6793635272678785,
      0.6881083603715721,
      0.6938641717409663,
      0.702420107560336,
      0.7060202675674474
    ],
    "val_accuracy": [
      0.2669932027189124,
      0.3232706917233107,
      0.45751699320271894,
      0.4634146341463415,
      0.4935025989604158,
      0.4816073570571771,
      0.5926629348260696,
      0.5797680927628949,
      0.673530587764894,
      0.6001599360255898,
      0.6656337465013994,
      0.648140743702519,
      0.6812275089964014,
      0.6978208716513394,
      0.6820271891243502
    ]
  }
}
