{
  "timestamp": "2025-03-31T08:10:00.471167",
  "time_took": "21.0 min 39.444292068481445 sec",
  "metrics": {
    "train_loss": [
      1.615836805918,
      1.3131306731904095,
      1.1945623515851118,
      1.111126764677465,
      1.052836987867274,
      1.007396187040616,
      0.9693536513739012,
      0.9389019623737443,
      0.9077338688075542,
      0.8847492467612028,
      0.8641578136858615,
      0.8417335334657268,
      0.827521925792098,
      0.8103187819942832,
      0.7911157885735686,
      0.7742671092802828,
      0.7635672345164825,
      0.7539124758067456,
      0.737059349194169,
      0.7280295036563819,
      0.7154947391457178,
      0.7063890107145364,
      0.696923662696711,
      0.6911933045326308,
      0.6761992312967777
    ],
    "val_loss": [
      2.17896978161003,
      1.9092424308197409,
      1.6233776521079148,
      1.5753725344621683,
      1.2999613752847985,
      1.1715894258475001,
      1.1370806626126737,
      1.123552970493896,
      1.1729168665559986,
      1.111537386344958,
      1.0005446928965895,
      0.8894067104858688,
      0.8915131627758847,
      0.8342909556400927,
      0.9022314722024942,
      0.7386545553992067,
      0.8002270837373371,
      0.7209869525100612,
      0.7118851957441885,
      0.6916628291335287,
      0.6666724987422363,
      0.7570456937898563,
      0.7153611884841437,
      0.7050466975079307,
      0.677052545019343
    ],
    "train_accuracy": [
      0.38825058891506287,
      0.5077781234721543,
      0.558013689497311,
      0.5895706475843371,
      0.6144273078803503,
      0.6297057647006533,
      0.6445619805324682,
      0.658318147473221,
      0.6703742388550602,
      0.6779301302280102,
      0.6842415218454153,
      0.693797502111205,
      0.6991199608871506,
      0.7055980265789591,
      0.7131428063469487,
      0.7193430819147517,
      0.7218098582159207,
      0.7261433841504067,
      0.7328547935463798,
      0.7364216187386106,
      0.741077381216943,
      0.744055291346282,
      0.7476554513533935,
      0.750200008889284,
      0.75453353482377
    ],
    "val_accuracy": [
      0.27848860455817676,
      0.36095561775289886,
      0.46261495401839264,
      0.48910435825669735,
      0.5617752898840463,
      0.5890643742502999,
      0.5955617752898841,
      0.5973610555777689,
      0.5816673330667733,
      0.5966613354658137,
      0.6533386645341863,
      0.6776289484206317,
      0.6772291083566573,
      0.7023190723710516,
      0.6729308276689324,
      0.7268092762894842,
      0.7182127149140344,
      0.7363054778088765,
      0.7391043582566973,
      0.737405037984806,
      0.7574970011995202,
      0.7259096361455418,
      0.7418032786885246,
      0.7377049180327869,
      0.7545981607357057
    ]
  }
}
