{
  "timestamp": "2025-03-31T07:48:21.026506",
  "time_took": "17.0 min 19.308922290802002 sec",
  "metrics": {
    "train_loss": [
      1.6168747041374445,
      1.3105427378957921,
      1.1873079850761727,
      1.1035575226626613,
      1.0487338954752141,
      1.0048809827898035,
      0.970391942950135,
      0.9412072113799778,
      0.9172914615747604,
      0.8916297480463982,
      0.8679857475852425,
      0.8492933010513132,
      0.8301504707302559,
      0.8099885282360695,
      0.7943294905126095,
      0.778745789673518,
      0.7626298625360836,
      0.7518460198559545,
      0.7389730461026457,
      0.7292714860628952
    ],
    "val_loss": [
      3.3342488294915307,
      2.7452130438406255,
      2.650508974171892,
      1.704169157185132,
      1.8549534399298173,
      1.1885549169552476,
      1.2078191336197188,
      1.1381021066557002,
      1.0175760878792293,
      1.0839716158335722,
      0.9294509125661247,
      1.0883921181099325,
      0.8552797976173933,
      0.8608926368665092,
      0.769316861146613,
      0.8971636197235011,
      0.9424296089365513,
      0.9447662634185597,
      0.7021157115320616,
      0.7077202148075346
    ],
    "train_accuracy": [
      0.3897284323747722,
      0.5088892839681763,
      0.5593026356726966,
      0.5940264011733855,
      0.6164496199831103,
      0.634628205698031,
      0.6448064358415929,
      0.6586626072269879,
      0.6671740966265167,
      0.6776412284990444,
      0.6857971465398462,
      0.6919529756878083,
      0.7007644784212632,
      0.7084759322636561,
      0.7118538601715632,
      0.71774301080048,
      0.7231765856260278,
      0.7283879283523712,
      0.7328547935463798,
      0.7366660740477354
    ],
    "val_accuracy": [
      0.16323470611755297,
      0.26649340263894444,
      0.3046781287485006,
      0.4611155537784886,
      0.4190323870451819,
      0.5705717712914834,
      0.5812674930027989,
      0.5919632147141144,
      0.6321471411435425,
      0.6203518592562974,
      0.6650339864054379,
      0.6253498600559776,
      0.6925229908036785,
      0.6839264294282287,
      0.7221111555377849,
      0.6739304278288685,
      0.663734506197521,
      0.6717313074770092,
      0.7468012794882047,
      0.739204318272691
    ]
  }
}
