{
  "timestamp": "2025-03-31T07:18:03.734029",
  "time_took": "8.0 min 39.32481622695923 sec",
  "metrics": {
    "train_loss": [
      1.6029889981516383,
      1.3061712255532092,
      1.1963117927820845,
      1.1181216407567263,
      1.0574086561629719,
      1.0143553739074955,
      0.9765767109665003,
      0.9442718404937874,
      0.9166742349890146,
      0.8977234806357459
    ],
    "val_loss": [
      2.507419812528393,
      2.062265405172034,
      1.5635860660408116,
      1.5918763543986068,
      1.29366852060149,
      1.2564462936377223,
      1.0833606297456766,
      1.072366255748121,
      0.906730669963209,
      1.0040648624866824
    ],
    "train_accuracy": [
      0.3970398684385973,
      0.5109227076758968,
      0.5562247210987155,
      0.5886706075825592,
      0.6107715898484377,
      0.6278945730921375,
      0.6438063913951731,
      0.654384639317303,
      0.6669740877372328,
      0.6735743810836037
    ],
    "val_accuracy": [
      0.23120751699320272,
      0.33756497401039587,
      0.4609156337465014,
      0.4730107956817273,
      0.5585765693722511,
      0.571171531387445,
      0.6108556577369052,
      0.625749700119952,
      0.6711315473810476,
      0.6357457017193123
    ]
  }
}
