{
  "timestamp": "2025-03-30T20:08:08.210287",
  "time_took": "17.0 min 41.12140440940857 sec",
  "metrics": {
    "train_loss": [
      1.6529556778682903,
      1.3808448678729208,
      1.267005311409858,
      1.1999660631303082,
      1.1446143419227817,
      1.1036028031429106,
      1.0669907618483359,
      1.0348110809414224,
      1.0063560157167641,
      0.9810040010647341,
      0.9589988906783137,
      0.9392192746427926,
      0.9186955702237107,
      0.9090537760745395,
      0.8884344425221736,
      0.8799328558485616,
      0.8599869668145071,
      0.8462578628889539,
      0.8401978204704144,
      0.8210431197658181
    ],
    "val_loss": [
      1.6045929450023024,
      1.8191259224203569,
      1.915313621110554,
      1.7537664793714691,
      1.6000630599033983,
      1.5634683310231077,
      1.6337468035613434,
      1.5018265609499775,
      1.3276928497266165,
      1.2083766173712815,
      1.2365207898465893,
      1.1681727880164037,
      1.177137856242023,
      1.1067256912400452,
      1.0333170423024818,
      1.0458215218556077,
      1.0053127272219597,
      0.9880796867080882,
      1.0118312292461153,
      0.9582773726197737
    ],
    "train_accuracy": [
      0.3769723098804391,
      0.47818791946308725,
      0.5241121827636784,
      0.5517800791146273,
      0.5759033734832659,
      0.5935819369749766,
      0.6076270056446953,
      0.6204942441886306,
      0.6302502333437041,
      0.6407062536112716,
      0.649495533134806,
      0.6584848215476243,
      0.6657629227965688,
      0.6712853904617982,
      0.6794968665274013,
      0.6814525090004,
      0.6868083025912263,
      0.6947753233477043,
      0.6956198053246812,
      0.7029979110182675
    ],
    "val_accuracy": [
      0.3875449820071971,
      0.3873450619752099,
      0.4061375449820072,
      0.43002798880447823,
      0.4699120351859256,
      0.4818072770891643,
      0.4764094362255098,
      0.504798080767693,
      0.5445821671331468,
      0.5795681727309077,
      0.5662734906037585,
      0.5885645741703319,
      0.5848660535785686,
      0.6075569772091164,
      0.6200519792083167,
      0.6200519792083167,
      0.632546981207517,
      0.6368452618952419,
      0.635045981607357,
      0.6501399440223911
    ]
  }
}
