{
  "timestamp": "2025-03-30T20:25:45.644016",
  "time_took": "17.0 min 37.433424949645996 sec",
  "metrics": {
    "train_loss": [
      1.6230695496567271,
      1.3107424693351442,
      1.1881148229268463,
      1.1074409861625596,
      1.0449572978541255,
      0.9996055971661751,
      0.9626228905875575,
      0.9312304315072569,
      0.9068101336332884,
      0.8813553883440115,
      0.8554781370542266,
      0.8374370898712765,
      0.8160799375142563,
      0.8067160828293047,
      0.7881922003051097,
      0.7717540449547496,
      0.7554851089265536,
      0.7450156976384196,
      0.7354935447431423,
      0.7201876128092408
    ],
    "val_loss": [
      2.6016919069652316,
      2.394110269184354,
      1.8072193544122237,
      1.4994351984579353,
      1.4380001538916478,
      1.3367877881738204,
      1.0920294289347492,
      0.9595146948778177,
      1.1168497740467893,
      0.934015678454049,
      0.825040612794176,
      0.8766123026232177,
      0.8012725310989574,
      0.8938404849812954,
      0.7826180216632311,
      0.827263753625411,
      0.7314734096768536,
      0.7669936290270165,
      0.6982085765162601,
      0.7243953814989403
    ],
    "train_accuracy": [
      0.3889839548424374,
      0.5103115694030845,
      0.5601248944397529,
      0.5927596782079203,
      0.617038535046002,
      0.6364060624916663,
      0.6501622294324192,
      0.6618516378505711,
      0.6709409307080315,
      0.6809524867771901,
      0.6893195253122361,
      0.6981643628605716,
      0.7058091470732033,
      0.7094648651051157,
      0.715620694253078,
      0.7203097915462909,
      0.7263878394595316,
      0.7315436241610739,
      0.7351104493533046,
      0.7390328459042624
    ],
    "val_accuracy": [
      0.22590963614554177,
      0.3116753298680528,
      0.4177329068372651,
      0.5084966013594562,
      0.5143942423030787,
      0.5501799280287885,
      0.6177528988404638,
      0.6562375049980008,
      0.6107556977209116,
      0.6507397041183527,
      0.6963214714114354,
      0.6766293482606958,
      0.708016793282687,
      0.6711315473810476,
      0.7036185525789684,
      0.6978208716513394,
      0.7227109156337465,
      0.7245101959216314,
      0.7429028388644542,
      0.7306077568972411
    ]
  }
}
