{
  "timestamp": "2025-03-30T21:06:30.593834",
  "time_took": "21.0 min 26.280381202697754 sec",
  "metrics": {
    "train_loss": [
      1.5526092753491618,
      1.2928093756464394,
      1.2002324244346132,
      1.1392265872352503,
      1.0919785404747182,
      1.05253747114065,
      1.0130813505331224,
      0.9875008816915479,
      0.9586262556470253,
      0.9310134213248437,
      0.908392415127971,
      0.8895099718462337,
      0.8669318399307403,
      0.8474061064083468,
      0.8297886457294226,
      0.8134016018699516,
      0.7961423525332727,
      0.780378898436373,
      0.7736009501598098,
      0.7559695887294683
    ],
    "val_loss": [
      1.9840200671666786,
      1.3598401305041736,
      1.124024964586089,
      1.1388462442386,
      1.330472387845003,
      1.03324719018574,
      1.0111469830138773,
      1.0429040812238861,
      1.0669543350799173,
      0.9971319074872174,
      0.9900285888321793,
      0.8718571685537507,
      0.8298473644860184,
      0.793636774714989,
      0.7505511581143246,
      0.8052732008921949,
      0.8358329602434665,
      0.8108045836038227,
      0.7120454379274875,
      0.6787264290489728
    ],
    "train_accuracy": [
      0.4175630028001244,
      0.5155451353393484,
      0.5517022978799058,
      0.577470109782657,
      0.5978487932797013,
      0.6109160407129206,
      0.6275278901284501,
      0.6353393484154851,
      0.6486621627627894,
      0.6585514911773857,
      0.6665407351437842,
      0.6730632472554335,
      0.681652517889684,
      0.6890417351882306,
      0.69657540335126,
      0.7033312591670741,
      0.710387128316814,
      0.7140206231388062,
      0.7187763900617805,
      0.7257211431619183
    ],
    "val_accuracy": [
      0.3316673330667733,
      0.4989004398240704,
      0.5798680527788884,
      0.5892642942822871,
      0.531687325069972,
      0.6213514594162335,
      0.6256497401039585,
      0.6229508196721312,
      0.6189524190323871,
      0.6300479808076769,
      0.6329468212714914,
      0.6787285085965614,
      0.694422231107557,
      0.708016793282687,
      0.7156137544982007,
      0.7025189924030388,
      0.7014194322271091,
      0.708016793282687,
      0.7372051179528188,
      0.7474010395841664
    ]
  }
}
