{
  "timestamp": "2025-03-30T19:50:27.088543",
  "time_took": "17.0 min 2.010401487350464 sec",
  "metrics": {
    "train_loss": [
      1.8866928612644023,
      1.6516974067146128,
      1.542260724373839,
      1.4716783491047947,
      1.429258989339525,
      1.3882391534068368,
      1.3606972260908647,
      1.3343586254526267,
      1.313364739953117,
      1.2956426761705766,
      1.2769100794737989,
      1.2602148655463348,
      1.2494276955046437,
      1.2325877587903629,
      1.2241837953809986,
      1.206254367547279,
      1.2022762425582518,
      1.1867075539617375,
      1.1845519609579986,
      1.1744665072553537
    ],
    "val_loss": [
      8.360860854764528,
      14.502588308310207,
      15.319074244438847,
      14.410276316389252,
      13.785848303686214,
      12.89808501472956,
      11.99664368810533,
      11.208842657789399,
      10.870419888556759,
      10.601898277862162,
      9.861027307148222,
      9.934267913238912,
      9.51029613350011,
      8.936169859729235,
      8.140736610074587,
      8.163567023941233,
      8.012918351571772,
      7.373930037776126,
      7.386757820467405,
      7.310212201709989
    ],
    "train_accuracy": [
      0.2815347348771057,
      0.37138317258544823,
      0.41521845415351794,
      0.44341970754255744,
      0.46255389128405705,
      0.4785434908218143,
      0.4893773056580292,
      0.49904440197342104,
      0.5080003555713587,
      0.5143895284234855,
      0.5209787101648962,
      0.528879061291613,
      0.5293457486999422,
      0.5384350415574025,
      0.5432574781101382,
      0.5480576914529535,
      0.5472576558958175,
      0.5543024134405974,
      0.5568691941864082,
      0.5621916529623538
    ],
    "val_accuracy": [
      0.11555377848860456,
      0.11555377848860456,
      0.11555377848860456,
      0.11585365853658537,
      0.11795281887245102,
      0.12025189924030388,
      0.12195121951219512,
      0.13034786085565775,
      0.13064774090363854,
      0.13364654138344662,
      0.14284286285485806,
      0.15033986405437824,
      0.14584166333466614,
      0.1557377049180328,
      0.16543382646941224,
      0.15853658536585366,
      0.16123550579768092,
      0.18132746901239505,
      0.1792283086765294,
      0.17003198720511795
    ]
  }
}
