{
  "timestamp": "2025-03-30T20:45:04.313082",
  "time_took": "19.0 min 18.66868543624878 sec",
  "metrics": {
    "train_loss": [
      1.5530602557753974,
      1.266902326860211,
      1.1637004977092147,
      1.096338522112505,
      1.0460997566750103,
      1.001618147235025,
      0.9678402276371013,
      0.937349983914332,
      0.9092552103102207,
      0.8874089782210913,
      0.8645310764285651,
      0.8432721322910353,
      0.8225823099809614,
      0.8040737116878683,
      0.7901023931970651,
      0.7737906562926417,
      0.7598100211471319,
      0.7512805775146593,
      0.7351588302461262,
      0.7195445060391318
    ],
    "val_loss": [
      2.0367343289942683,
      1.5616357085071033,
      1.3084670229803157,
      1.2368742423721506,
      1.2185491730895224,
      1.1673245777057697,
      0.9929569974730287,
      0.8649918293651147,
      0.8982276086565815,
      0.843203028546104,
      0.7839428435398054,
      0.8493251053592826,
      0.8495023401477669,
      0.8225943944122218,
      0.7646667338624785,
      0.852854417471946,
      0.7832052466235583,
      1.1695131093640871,
      0.6837211703952355,
      0.7597393789623357
    ],
    "train_accuracy": [
      0.41734077070092,
      0.529634650428908,
      0.568747499888884,
      0.5958820392017423,
      0.6141161829414641,
      0.6320280901373394,
      0.646017600782257,
      0.6567958575936709,
      0.6688186141606294,
      0.6770078670163119,
      0.6849082181430286,
      0.694153073469932,
      0.7009755989155073,
      0.7075425574469977,
      0.7125983377038979,
      0.718298591048491,
      0.72529890217343,
      0.7280434685986044,
      0.7336437174985555,
      0.7378772389883995
    ],
    "val_accuracy": [
      0.3415633746501399,
      0.4603158736505398,
      0.5329868052778889,
      0.5632746901239504,
      0.5814674130347861,
      0.571171531387445,
      0.6425429828068773,
      0.6858256697321071,
      0.675529788084766,
      0.6915233906437425,
      0.7116153538584566,
      0.6943222710915634,
      0.6884246301479409,
      0.6976209516193522,
      0.7265093962415033,
      0.6897241103558577,
      0.7162135145941624,
      0.6078568572570971,
      0.7532986805277889,
      0.7243102758896441
    ]
  }
}
