{
  "timestamp": "2025-03-30T21:31:36.787017",
  "time_took": "25.0 min 6.1927170753479 sec",
  "metrics": {
    "train_loss": [
      1.5689726780084046,
      1.3168048384514721,
      1.2353539250113748,
      1.1768005637621337,
      1.1361783266236836,
      1.096060573208061,
      1.0601740819825367,
      1.0342252286659046,
      1.0063502472740682,
      0.9863241243768822,
      0.951119531030682,
      0.935125921768221,
      0.9124290875413201,
      0.8945447760210796,
      0.8716855619780042,
      0.8488899228925054,
      0.8410718033767559,
      0.8218069322068583,
      0.8061692844229665,
      0.7954127121378075
    ],
    "val_loss": [
      1.3554804174205926,
      1.4137107028236873,
      1.4194877223123479,
      1.1568157665337189,
      1.2739871830879888,
      1.5101074327396442,
      0.9826747978789897,
      0.9729954736142219,
      1.4795042713986168,
      0.909933527059193,
      0.9060344530057304,
      0.9684624883193004,
      0.9722598972199838,
      0.9549669623374939,
      0.9141920593720448,
      0.8641250993632064,
      0.7576122404653814,
      0.8378580770915067,
      0.8156832547127446,
      0.9131409042998205
    ],
    "train_accuracy": [
      0.4112182763678386,
      0.5059558202586781,
      0.5395350904484644,
      0.5620249788879506,
      0.5779701320058669,
      0.5916929641317392,
      0.6056158051468954,
      0.6176052268989732,
      0.6291612960576025,
      0.6344615316236277,
      0.6492066314058402,
      0.6548957731454731,
      0.6642072981021379,
      0.6720632028090138,
      0.6801080048002134,
      0.6881305835814925,
      0.6920752033423708,
      0.699042179652429,
      0.706198053246811,
      0.708820392017423
    ],
    "val_accuracy": [
      0.492203118752499,
      0.47560975609756095,
      0.4660135945621751,
      0.5723710515793683,
      0.5320871651339464,
      0.4603158736505398,
      0.6338464614154339,
      0.640343862455018,
      0.48260695721711316,
      0.6598360655737705,
      0.6634346261495402,
      0.6371451419432227,
      0.6359456217512994,
      0.6493402638944422,
      0.6633346661335466,
      0.6828268692522991,
      0.7231107556977209,
      0.6994202319072371,
      0.7051179528188725,
      0.6684326269492203
    ]
  }
}
