{
  "timestamp": "2025-03-31T00:58:42.952094",
  "time_took": "17.0 min 10.629506587982178 sec",
  "metrics": {
    "train_loss": [
      1.7219242042099887,
      1.4186787153170868,
      1.284286477941681,
      1.1983842058107257,
      1.1368156921287829,
      1.0900923349809917,
      1.054123447784646,
      1.0221950913864104,
      0.9945126351985064,
      0.974270068786361,
      0.9527276666326956,
      0.9358025818893855,
      0.9160523931072517,
      0.9032925011759455,
      0.8866114942356944,
      0.8758432375775143,
      0.8603806693784215,
      0.8482581967995926,
      0.8342436043206941,
      0.8242760770530864
    ],
    "val_loss": [
      1.99144414859482,
      1.6201312617410588,
      1.4789308339734621,
      1.3099569625492338,
      1.262592552583429,
      1.0610700144043452,
      1.1006918828698653,
      1.104279823695557,
      1.067978884600386,
      1.0447266992134383,
      0.9763168896300883,
      0.9487600847135617,
      0.9695823003974142,
      0.99160195000564,
      0.9438159239443042,
      0.9480096750621554,
      0.8734795006015633,
      0.8601333265063129,
      0.7929052250294746,
      0.7202919016156015
    ],
    "train_accuracy": [
      0.3604493533045913,
      0.4741210720476466,
      0.5256900306680297,
      0.5616694075292236,
      0.5878927952353438,
      0.6045046446508734,
      0.6182385883817059,
      0.6300168896395395,
      0.6416396284279301,
      0.6473732165874039,
      0.6546179830214677,
      0.66179607982577,
      0.6689852882350327,
      0.6740188452820125,
      0.6802857904795768,
      0.6838415040668474,
      0.690775145562025,
      0.6948197697675452,
      0.6999199964442864,
      0.7051202275656696
    ],
    "val_accuracy": [
      0.2812874850059976,
      0.3982407037185126,
      0.45451819272291083,
      0.5219912035185925,
      0.5412834866053579,
      0.610655737704918,
      0.6002598960415834,
      0.600359856057577,
      0.6021591363454618,
      0.6193522590963615,
      0.6349460215913635,
      0.6439424230307876,
      0.6472411035585766,
      0.635045981607357,
      0.6508396641343462,
      0.6579368252698921,
      0.678828468612555,
      0.6758296681327469,
      0.7048180727708916,
      0.7298080767692923
    ]
  }
}
