{
  "timestamp": "2025-03-31T01:50:52.886289",
  "time_took": "17.0 min 40.23311448097229 sec",
  "metrics": {
    "train_loss": [
      1.5628931408917361,
      1.2812026574869047,
      1.1675874809311195,
      1.0943222266875885,
      1.0440994507887147,
      1.001876642504199,
      0.9649127537215297,
      0.9320217266848142,
      0.9070018368180502,
      0.8758393581109968,
      0.8525918481702154,
      0.8294325387952003,
      0.8096209531649947,
      0.7920257268812169,
      0.7724085627123713,
      0.7525169294835492,
      0.7442245221358131,
      0.7276777553118088,
      0.7182774691927162,
      0.7026913292621347
    ],
    "val_loss": [
      2.547063739993904,
      2.559974250914175,
      1.653615532042105,
      1.9722395742995829,
      1.5951676172546194,
      1.3363709947730922,
      1.3458173531520217,
      1.231550854218157,
      1.2171373985990692,
      1.012618510028984,
      0.8986990610255471,
      0.951045836828932,
      0.8349072057989579,
      0.8311737926700448,
      0.830088937584358,
      0.7855994610846797,
      0.7592398116860208,
      0.7569858062116406,
      0.7138939658297768,
      0.8854242729235299
    ],
    "train_accuracy": [
      0.4110738255033557,
      0.5168674163296146,
      0.5658362593893062,
      0.5960931596959865,
      0.6157384772656562,
      0.6328503489043957,
      0.6479176852304547,
      0.6598737721676519,
      0.6693964176185608,
      0.681196942086315,
      0.6904306858082582,
      0.6966865194008622,
      0.705998044357527,
      0.711242721898751,
      0.7181874749988888,
      0.7271878750166674,
      0.7289101737855016,
      0.7357771456509178,
      0.7384661540512911,
      0.7446997644339749
    ],
    "val_accuracy": [
      0.27019192323070773,
      0.3180727708916433,
      0.47051179528188725,
      0.4307277089164334,
      0.5006997201119552,
      0.5645741703318673,
      0.5671731307477009,
      0.5725709716113555,
      0.5957616953218713,
      0.6436425429828069,
      0.6743302678928429,
      0.6529388244702119,
      0.7033186725309876,
      0.6933226709316274,
      0.6926229508196722,
      0.7157137145141943,
      0.7312075169932027,
      0.728608556577369,
      0.7308076769292283,
      0.6854258296681327
    ]
  }
}
