{
  "timestamp": "2025-03-31T00:24:23.466808",
  "time_took": "17.0 min 7.3795084953308105 sec",
  "metrics": {
    "train_loss": [
      1.8865947283127091,
      1.6450487314300104,
      1.50764592804692,
      1.4078968055546284,
      1.3341904831203548,
      1.2797295269979672,
      1.2336659825999627,
      1.2023575350811535,
      1.175678495487029,
      1.1475766030224888,
      1.1307814210991969,
      1.1126527307893743,
      1.0936397894878278,
      1.0788595543496988,
      1.065840438346971,
      1.0558712524785236,
      1.0357418523424051,
      1.0277541951191695,
      1.0189791432666508,
      1.0046636422418735
    ],
    "val_loss": [
      1.8501842580264127,
      1.6644918948789187,
      1.5743385432641717,
      1.508894149261185,
      1.3112625789038743,
      1.2207607061048098,
      1.1247213626209693,
      1.21873400784746,
      1.1513428771043126,
      1.0942628217648855,
      1.1118063707894916,
      1.0455638758743866,
      0.9678971752335753,
      0.9271178109736382,
      0.9837789890132372,
      0.9457469144953957,
      0.8946241600603997,
      0.8402935462661937,
      0.8302782276008702,
      0.9135511758961256
    ],
    "train_accuracy": [
      0.3066469620872039,
      0.3918951953420152,
      0.44759767100760034,
      0.48607715898484377,
      0.5188341704075736,
      0.5397239877327881,
      0.5558247033201476,
      0.5659140406240277,
      0.575958931508067,
      0.5852037868349704,
      0.594404195742033,
      0.5962931685852705,
      0.6076381172496556,
      0.6136939419529757,
      0.616782968131917,
      0.6223387706120272,
      0.6268389706209165,
      0.6314280634694875,
      0.6358504822436553,
      0.6386283834837104
    ],
    "val_accuracy": [
      0.27538984406237504,
      0.3711515393842463,
      0.4032387045181927,
      0.4357257097161136,
      0.5158936425429828,
      0.5592762894842063,
      0.5937624950019992,
      0.544782087165134,
      0.569672131147541,
      0.59406237504998,
      0.5806677329068373,
      0.5977608956417433,
      0.6377449020391843,
      0.6613354658136745,
      0.6390443822471011,
      0.6537385045981607,
      0.6752299080367853,
      0.6998200719712115,
      0.70671731307477,
      0.6576369452219112
    ]
  }
}
