{
  "timestamp": "2025-03-31T01:33:12.652765",
  "time_took": "17.0 min 18.39772129058838 sec",
  "metrics": {
    "train_loss": [
      1.6062433016909794,
      1.3086995765228162,
      1.1875651457600973,
      1.1022841772911223,
      1.0455610901117325,
      1.0072931122373452,
      0.9735484379767017,
      0.9409894404763525,
      0.9145153377374465,
      0.890439478257163,
      0.868860550224781,
      0.8516002281314947,
      0.8280186810615388,
      0.8153179933909666,
      0.7954898376695134,
      0.7816831847991456,
      0.7690877521156587,
      0.7575810730287974,
      0.7423924088732086,
      0.7322376152839173
    ],
    "val_loss": [
      2.4782830220234544,
      2.5854852290093144,
      1.4904915863954569,
      1.7299602982364124,
      1.1512244404116763,
      1.2022152958036978,
      1.314627983902074,
      1.3463035610657703,
      0.9387230556222457,
      1.0294042282466647,
      1.0165869563440733,
      0.9643693460693842,
      0.9083726323103603,
      0.8367576327504991,
      0.8156516476522518,
      0.8210162097894693,
      0.8464037934436074,
      0.6801254658759395,
      0.7590314587460288,
      0.7745589463016654
    ],
    "train_accuracy": [
      0.392539668429708,
      0.5091892973021023,
      0.5594359749322192,
      0.5919707542557447,
      0.6160718254144628,
      0.6293168585270457,
      0.6429063513933952,
      0.6567625227787902,
      0.6670296457620338,
      0.6742744121960976,
      0.6842859682652562,
      0.6895862038312814,
      0.6972865460687142,
      0.7051757855904707,
      0.7094315302902351,
      0.7141206275834482,
      0.7205875816702965,
      0.7251211164940664,
      0.7305769145295347,
      0.7346437619449754
    ],
    "val_accuracy": [
      0.23680527788884445,
      0.29398240703718514,
      0.5003998400639744,
      0.4503198720511795,
      0.5942622950819673,
      0.5923630547780888,
      0.5446821271491403,
      0.5444822071171531,
      0.6609356257497001,
      0.6324470211915234,
      0.647141143542583,
      0.6492403038784487,
      0.6744302279088364,
      0.6895241903238705,
      0.6995201919232307,
      0.6990203918432627,
      0.7058176729308276,
      0.755797680927629,
      0.7262095161935226,
      0.7174130347860855
    ]
  }
}
