{
  "timestamp": "2025-03-31T00:41:32.322230",
  "time_took": "17.0 min 8.855068683624268 sec",
  "metrics": {
    "train_loss": [
      1.8104511902413585,
      1.5405746320770546,
      1.3867709638381547,
      1.2967257308350368,
      1.227990673346953,
      1.1778667916289784,
      1.138687108389356,
      1.1061313988810235,
      1.0818105789578774,
      1.0594998470253565,
      1.0382420556958427,
      1.014550408094444,
      1.0015319266610525,
      0.9903084027834914,
      0.9727198984473944,
      0.9607952322641556,
      0.9434682248498906,
      0.9347062747586857,
      0.9225590884346854,
      0.9104379705915396
    ],
    "val_loss": [
      1.6581016914753974,
      1.6518540140948719,
      1.5014607438558265,
      1.466147641592388,
      1.244614445710484,
      1.0424155268488051,
      1.058361188520359,
      1.0606937053837353,
      1.00783569299722,
      1.036488734468629,
      0.987532697146452,
      0.9984734367720688,
      0.9846854647503623,
      0.8711556399924846,
      0.9329891959323159,
      0.8527233163012734,
      0.8371173633804804,
      0.8616912440408634,
      0.8719220002995262,
      0.818063484717019
    ],
    "train_accuracy": [
      0.3214253966842971,
      0.4270967598559936,
      0.4904662429441308,
      0.5269900884483755,
      0.5536912751677853,
      0.5735588248366594,
      0.5893928619049735,
      0.599448864393973,
      0.6094381972532112,
      0.6172829903551269,
      0.6253055691364061,
      0.6349393306369172,
      0.640728476821192,
      0.6456175830036891,
      0.6511289390639584,
      0.6545846482065869,
      0.6605960264900662,
      0.6638739499533313,
      0.667940797368772,
      0.6741299613316147
    ],
    "val_accuracy": [
      0.383546581367453,
      0.37744902039184325,
      0.44442223110755696,
      0.45611755297880846,
      0.5379848060775689,
      0.6212514994002399,
      0.6103558576569372,
      0.597860855657737,
      0.6250499800079968,
      0.6259496201519392,
      0.6372451019592164,
      0.6307477009196322,
      0.6441423430627748,
      0.6745301879248301,
      0.6553378648540584,
      0.6851259496201519,
      0.68812475009996,
      0.6824270291883247,
      0.6708316673330668,
      0.692423030787685
    ]
  }
}
