{
  "timestamp": "2025-03-31T01:15:54.254679",
  "time_took": "17.0 min 11.302213907241821 sec",
  "metrics": {
    "train_loss": [
      1.6704704609106888,
      1.3600482366640458,
      1.2306112518364734,
      1.1543650274926966,
      1.086123896678063,
      1.0519601053304293,
      1.0102630491283806,
      0.9793746656822887,
      0.95492786092853,
      0.9341237075118856,
      0.9100015818734061,
      0.887770629149269,
      0.873469184660776,
      0.8572429207746278,
      0.8337597145106305,
      0.8195922108028423,
      0.8029973708431829,
      0.7920385783707554,
      0.7790797469629482,
      0.7617051247930662
    ],
    "val_loss": [
      2.5002719209164,
      2.284124295922774,
      1.6462735767605938,
      1.508645638634887,
      1.3133185121077526,
      1.1803959743886054,
      1.2343132375161858,
      1.019563454615919,
      1.1184683804270588,
      0.8857397708711745,
      1.0079894775076756,
      0.8892762608165983,
      0.8679832951932014,
      0.9260584862926339,
      0.8261898552315144,
      0.8339469628997996,
      0.7828334637835056,
      0.7374991027614738,
      0.7476276197010958,
      0.8346835329562803
    ],
    "train_accuracy": [
      0.3743499711098271,
      0.4915551802302325,
      0.5453242366327392,
      0.5735810480465798,
      0.6027267878572381,
      0.6160940486243833,
      0.6316725187786124,
      0.6437286101604516,
      0.6519845326458954,
      0.6600626694519757,
      0.6700853371260945,
      0.6792190764033957,
      0.6858638161696076,
      0.6909640428463487,
      0.697986577181208,
      0.7038090581803635,
      0.7106538068358593,
      0.7143317480776924,
      0.7182208098137695,
      0.7228543490821814
    ],
    "val_accuracy": [
      0.22910835665733706,
      0.31607357057177127,
      0.4476209516193523,
      0.4805077968812475,
      0.5359856057576969,
      0.5748700519792083,
      0.5647740903638545,
      0.6255497800879648,
      0.5970611755297881,
      0.6744302279088364,
      0.6361455417832866,
      0.6742303078768492,
      0.6849260295881647,
      0.6640343862455018,
      0.689124350259896,
      0.6927229108356657,
      0.7138144742103159,
      0.7230107956817273,
      0.7336065573770492,
      0.6884246301479409
    ]
  }
}
