{
  "timestamp": "2025-04-02T18:47:36.935622",
  "time_took": "17.0 min 22.285930395126343 sec",
  "metrics": {
    "train_loss": [
      1.2657776717943223,
      0.9972880762917075,
      0.8969550663605332,
      0.8140641719272191,
      0.7594511906870387,
      0.7194957717067816,
      0.6839339737780392,
      0.6602445049211383,
      0.6372952705503188,
      0.6164921226233921,
      0.601157427765429,
      0.5903602607378905,
      0.5765454870733348,
      0.5618053623475134,
      0.5528751030479643,
      0.5443457529287447,
      0.54111407908865,
      0.5349983712234958,
      0.5295718780464747,
      0.525991717946123
    ],
    "val_loss": [
      1.0185947040968304,
      1.0329986425894726,
      0.7719190105607238,
      0.9567298919339723,
      1.0982640295089046,
      0.6904372342779667,
      0.9767311917075628,
      1.0245787606963628,
      0.8783575703826132,
      0.845200547689124,
      0.8745163633853574,
      0.6784573242634158,
      0.6197575160974189,
      0.8816189562218099,
      0.6252748362625702,
      0.7086927287186249,
      0.666871778572662,
      0.7638546432120891,
      0.7755540020858185,
      0.5583523342126533
    ],
    "train_accuracy": [
      0.5267567447442109,
      0.6332281434730432,
      0.6712076092270768,
      0.7020312013867283,
      0.7230988043913062,
      0.7383439263967287,
      0.7525334459309303,
      0.7607004755766923,
      0.771323169918663,
      0.7776123383261478,
      0.7852015645139784,
      0.7884017067425219,
      0.7942686341615183,
      0.7993799724432197,
      0.8032801457842571,
      0.8056802524556647,
      0.8078247922129872,
      0.8094915329570204,
      0.811847193208587,
      0.8137695008667052
    ],
    "val_accuracy": [
      0.618452618952419,
      0.6209516193522591,
      0.7214114354258296,
      0.6653338664534186,
      0.6312475009996001,
      0.7494002399040384,
      0.6505397840863655,
      0.6466413434626149,
      0.6946221511395442,
      0.7063174730107957,
      0.6838264694122351,
      0.7580967612954818,
      0.7705917632946822,
      0.6767293082766893,
      0.7737904838064774,
      0.7352059176329468,
      0.7566973210715714,
      0.7227109156337465,
      0.7226109556177529,
      0.8048780487804879
    ]
  }
}
