{
  "timestamp": "2025-04-03T14:17:46.329216",
  "time_took": "19.0 min 8.943207263946533 sec",
  "metrics": {
    "train_loss": [
      1.609880200333216,
      1.3158640329810707,
      1.1946683088317513,
      1.1271768660199912,
      1.0681108589368788,
      1.0285823217339136,
      0.9887545388191938,
      0.9617609197104519,
      0.9342596565627239,
      0.9048039458522742,
      0.8811273126947609,
      0.8597895579243248,
      0.8387452981180765,
      0.817048274657943,
      0.8077377678657119,
      0.7899442028084939,
      0.7700617641887881,
      0.7583718272772703,
      0.7505780378017913,
      0.7377813487229022
    ],
    "val_loss": [
      1.8060909705825998,
      1.7496925848948806,
      1.452800129033342,
      1.277238684364512,
      1.5386307646956625,
      1.1972135531751416,
      1.142622986171819,
      1.1629850132555901,
      1.0356155475483666,
      0.9016212111786951,
      0.9390334132351453,
      0.8190213389034513,
      0.9722246935095968,
      0.9018801812884174,
      0.8415720213817645,
      0.860517974895767,
      0.7882059880449802,
      0.7305880407743817,
      0.7678911361513259,
      0.7268353647823576
    ],
    "train_accuracy": [
      0.3951064491755189,
      0.5056002488999511,
      0.5577470109782657,
      0.582459220409796,
      0.6085048224365527,
      0.6226165607360327,
      0.6397395439797324,
      0.6498288812836126,
      0.6601515622916574,
      0.6701853415707365,
      0.6799524423307702,
      0.6871527623449931,
      0.6947308769278635,
      0.7027534557091426,
      0.7072758789279524,
      0.7134872661007156,
      0.7213431708075915,
      0.7248099915551802,
      0.7285657140317348,
      0.7331325836703854
    ],
    "val_accuracy": [
      0.34876049580167934,
      0.41243502598960413,
      0.5011995201919233,
      0.5558776489404238,
      0.48490603758496603,
      0.5748700519792083,
      0.5840663734506197,
      0.5895641743302679,
      0.6327469012395042,
      0.6682327069172331,
      0.65593762495002,
      0.7074170331867253,
      0.6460415833666533,
      0.6723310675729708,
      0.694422231107557,
      0.6951219512195121,
      0.7109156337465014,
      0.7358056777289085,
      0.7223110755697721,
      0.7299080367852859
    ]
  }
}
