{
  "timestamp": "2025-04-02T19:08:34.897055",
  "time_took": "17.0 min 19.749783992767334 sec",
  "metrics": {
    "train_loss": [
      1.311356951228597,
      0.9827456155114553,
      0.8522352165627208,
      0.7935915326022289,
      0.7425385406240821,
      0.7142820951359515,
      0.6846673506396738,
      0.6668788725933568,
      0.6521320970813659,
      0.6332914301363582,
      0.6289842474613,
      0.6073564182204957,
      0.60374139549888,
      0.5944966985420748,
      0.5845933824523606,
      0.5804684764536266,
      0.5743796145120128,
      0.5690413920886137,
      0.5702254411510446,
      0.5590641630644148
    ],
    "val_loss": [
      1.330386437947237,
      0.9535232684280299,
      1.0313568115234375,
      0.8823318428631071,
      1.0539824102498307,
      0.6416923735715165,
      1.4907916799376282,
      0.8346557888803603,
      1.423651098450528,
      0.7322238672383224,
      0.9011291318301913,
      0.7321334224713,
      0.6587237078177778,
      0.8026181949844843,
      0.5750003072279918,
      0.6539868818053717,
      0.6017936109742031,
      0.6343885245202463,
      0.557667340658888,
      0.864545702179776
    ],
    "train_accuracy": [
      0.5174007733677052,
      0.6420507578114583,
      0.6911418285257123,
      0.7137983910396017,
      0.7325547802124539,
      0.7448775501133383,
      0.7551224498866617,
      0.7605671363171697,
      0.7690897373216588,
      0.7729121294279746,
      0.7755233565936264,
      0.7832792568558603,
      0.7860238232810347,
      0.7900684474865549,
      0.7925130005778035,
      0.7944908662607227,
      0.7979021289835104,
      0.7997133205920263,
      0.7986132717009645,
      0.8011244944219743
    ],
    "val_accuracy": [
      0.5154938024790084,
      0.653938424630148,
      0.6359456217512994,
      0.6665333866453419,
      0.6087564974010395,
      0.7722910835665734,
      0.5646741303478608,
      0.6998200719712115,
      0.5270891643342663,
      0.7367053178728509,
      0.6781287485005998,
      0.7313074770091963,
      0.7601959216313474,
      0.7091163534586166,
      0.7938824470211915,
      0.7648940423830468,
      0.773890443822471,
      0.7747900839664135,
      0.8116753298680528,
      0.6623350659736106
    ]
  }
}
