{
  "timestamp": "2025-04-03T14:36:40.393540",
  "time_took": "18.0 min 24.22015953063965 sec",
  "metrics": {
    "train_loss": [
      1.3459767396138473,
      1.0619154305789957,
      0.9576863384890285,
      0.8766274309971116,
      0.8194299313155088,
      0.7728150258348747,
      0.7365705068646506,
      0.7008853102187541,
      0.6734549177133224,
      0.6501039082015102,
      0.6242254479703578,
      0.6137388634326105,
      0.5954911913299425,
      0.5875067679973488,
      0.5710618129762058,
      0.5621959998865019,
      0.5526026773097162,
      0.5462937331335112,
      0.5366681634702466,
      0.5285484200258824
    ],
    "val_loss": [
      1.7881132862235927,
      0.9550489338138436,
      1.0397468533697007,
      1.3801588665080975,
      0.8497926260851607,
      0.8667031134231181,
      0.7476875019978874,
      0.9008323693577247,
      0.7616669686534737,
      0.7301334693462034,
      0.7013019017780884,
      0.5471220355999621,
      0.8722052317631396,
      0.6659920619258398,
      0.8444491572017911,
      0.5370669994927659,
      0.5812256079685839,
      0.5172125712225709,
      0.9121834439567372,
      0.5556638799136198
    ],
    "train_accuracy": [
      0.4963442819680875,
      0.6073381039157296,
      0.650506689186186,
      0.6782079203520156,
      0.7000644473087693,
      0.71925418907507,
      0.7325770034223743,
      0.7450664473976621,
      0.757911462731677,
      0.7653784612649451,
      0.7752677896795414,
      0.7775345570914263,
      0.7856571403173475,
      0.7900240010667141,
      0.7954797991021824,
      0.79889106182497,
      0.8002911240499577,
      0.8052024534423752,
      0.8083581492510779,
      0.8112138317258545
    ],
    "val_accuracy": [
      0.41993202718912437,
      0.6518392642942823,
      0.6336465413834467,
      0.5480807676929228,
      0.6957217113154738,
      0.6941223510595762,
      0.7151139544182327,
      0.6731307477009196,
      0.728608556577369,
      0.7367053178728509,
      0.7403038784486206,
      0.8049780087964814,
      0.7064174330267893,
      0.7610955617752899,
      0.7112155137944822,
      0.8081767293082767,
      0.7876849260295882,
      0.8125749700119952,
      0.6901239504198321,
      0.8019792083166734
    ]
  }
}
