{
  "timestamp": "2025-04-02T18:21:37.104369",
  "time_took": "17.0 min 23.18628168106079 sec",
  "metrics": {
    "train_loss": [
      1.464311570945111,
      1.216395697048442,
      1.0967879732224075,
      1.0133369240740484,
      0.9531911486251787,
      0.908009470525113,
      0.8726447390561755,
      0.8361468326131051,
      0.8065585074946284,
      0.7834768771955912,
      0.7603642165406861,
      0.734158792109652,
      0.7128890923393721,
      0.6964190190403976,
      0.6885094359009103,
      0.6613024821166288,
      0.6512471379458227,
      0.6341342173770748,
      0.6189892938445237,
      0.6040523298169401
    ],
    "val_loss": [
      1.6354585584205916,
      1.1940449287619772,
      1.5172331423699101,
      2.052261895771268,
      1.2709828781176218,
      3.1768972360635104,
      2.5831868527810786,
      2.086349407328835,
      1.8063530997384953,
      6.31805980054638,
      1.132404227800007,
      1.4201311778418626,
      1.0417427013191995,
      5.9778029526336285,
      1.3721585303922244,
      2.9023905011672007,
      1.698880681508704,
      1.9696649584589125,
      0.6857198593737204,
      2.2781650884242
    ],
    "train_accuracy": [
      0.44455309124849995,
      0.5458242588559492,
      0.5938041690741811,
      0.6277278990177341,
      0.649495533134806,
      0.6671740966265167,
      0.6806413618383039,
      0.6957086981643629,
      0.7059535979376861,
      0.7159651540068448,
      0.7231099159962665,
      0.7324881105826926,
      0.7414107293657496,
      0.7480110227121205,
      0.7513556158051469,
      0.7597671007600337,
      0.7663340592915241,
      0.7700897817680786,
      0.7757233654829103,
      0.7827570114227299
    ],
    "val_accuracy": [
      0.4033386645341863,
      0.5672730907636945,
      0.47810875649740103,
      0.3876449420231907,
      0.5564774090363854,
      0.35415833666533386,
      0.36075569772091165,
      0.45871651339464214,
      0.47560975609756095,
      0.1838264694122351,
      0.6406437425029988,
      0.5476809276289484,
      0.6301479408236705,
      0.29008396641343465,
      0.5632746901239504,
      0.38794482207117154,
      0.5579768092762895,
      0.4289284286285486,
      0.7601959216313474,
      0.4190323870451819
    ]
  }
}
