{
  "timestamp": "2025-04-02T17:46:37.383288",
  "time_took": "17.0 min 22.298463106155396 sec",
  "metrics": {
    "train_loss": [
      1.7195207661187106,
      1.4449657020582394,
      1.3455187404020266,
      1.2807673595168374,
      1.2278417237102985,
      1.186458893374286,
      1.1522130314260721,
      1.1183956645175137,
      1.0851359645920722,
      1.0535606158558617,
      1.0266628052023323,
      1.0011997944252058,
      0.9788316257975318,
      0.9561610164290125,
      0.9426238134672696,
      0.9194593579423699,
      0.9097835378382694,
      0.8950037919831547,
      0.8837246928702701,
      0.8728810330344872
    ],
    "val_loss": [
      3.4007652439648592,
      4.444910435736934,
      2.807801798929142,
      1.4744989358926122,
      3.6216736865949026,
      2.2083489381814303,
      1.438443721095218,
      2.252741294571116,
      3.621535252921189,
      1.9538208472577832,
      2.4195906270908405,
      1.6821055382112913,
      1.3294841141640386,
      1.6899153718465492,
      2.202432747128644,
      1.7827608917332902,
      1.280937425697906,
      1.1035502251190474,
      2.9174654634693002,
      1.8747213762017745
    ],
    "train_accuracy": [
      0.3469709764878439,
      0.4508311480510245,
      0.4910218231921419,
      0.5194453086803857,
      0.5413351704520201,
      0.5580359127072314,
      0.5739699542201876,
      0.5857260322681008,
      0.6002822347659896,
      0.6133717054091293,
      0.6251833414818436,
      0.6341726298946619,
      0.6428396817636339,
      0.6519511978310147,
      0.6569180852482333,
      0.6634294857549224,
      0.6670629805769145,
      0.6729521312058314,
      0.6779301302280102,
      0.6819303080136895
    ],
    "val_accuracy": [
      0.13804478208716514,
      0.14334266293482606,
      0.24520191923230708,
      0.4813074770091963,
      0.22481007596961217,
      0.3665533786485406,
      0.5083966413434626,
      0.3704518192722911,
      0.24470211915233905,
      0.40483806477409034,
      0.41213514594162337,
      0.4778088764494202,
      0.5474810075969612,
      0.4813074770091963,
      0.4030387844862055,
      0.4503198720511795,
      0.5264894042383047,
      0.5923630547780888,
      0.3157736905237905,
      0.4487205117952819
    ]
  }
}
