{
  "timestamp": "2025-03-31T04:54:23.127054",
  "time_took": "15.0 min 58.27074480056763 sec",
  "metrics": {
    "train_loss": [
      1.882424814457243,
      1.5837266868488356,
      1.4817387945950031,
      1.415905198590322,
      1.3671939352696592,
      1.333255766636946,
      1.3002972899174148,
      1.2776725351471792,
      1.2592815758491105,
      1.2409532041373579,
      1.2219203625890342,
      1.2068485383113676,
      1.1878662376918576,
      1.1768891377882524,
      1.1667589145627888,
      1.1470451278781348,
      1.1422180353071203,
      1.1243072726171126,
      1.1192978236993605,
      1.1070775490423495
    ],
    "val_loss": [
      1.637757619724998,
      1.6873830330522754,
      1.5676003981240187,
      1.9421543712857403,
      1.4298527497279494,
      1.472445500047901,
      1.6400928708571423,
      1.499740694142595,
      1.282170291188397,
      1.1746455151823503,
      1.2189042704014839,
      1.2096305089660837,
      1.1581810720359222,
      1.0825371802607668,
      1.195892944366117,
      1.1967911546743368,
      1.0875024742717985,
      1.1029768586158752,
      1.1243124294884597,
      1.030498669117312
    ],
    "train_accuracy": [
      0.29079070180896927,
      0.3974176630072448,
      0.4355193564158407,
      0.46276501177830126,
      0.4835992710787146,
      0.4975110004889106,
      0.5097226543401929,
      0.5194341970754256,
      0.5298235477132317,
      0.5357682563669497,
      0.5420907595893151,
      0.5492355215787368,
      0.5560691586292724,
      0.5621583181474732,
      0.5671474287746122,
      0.5743366371838748,
      0.5765478465709587,
      0.5816258500377794,
      0.5839592870794258,
      0.5902706786968309
    ],
    "val_accuracy": [
      0.38124750099960014,
      0.38984406237505,
      0.4173330667732907,
      0.3673530587764894,
      0.47171131547381046,
      0.4660135945621751,
      0.4329268292682927,
      0.4700119952019192,
      0.530687724910036,
      0.5615753698520591,
      0.5483806477409037,
      0.556077568972411,
      0.5754698120751699,
      0.5954618152738904,
      0.5650739704118353,
      0.5562774890043982,
      0.5970611755297881,
      0.5934626149540184,
      0.5848660535785686,
      0.615953618552579
    ]
  }
}
