{
  "timestamp": "2025-03-31T03:00:43.824734",
  "time_took": "17.0 min 16.106105089187622 sec",
  "metrics": {
    "train_loss": [
      1.647887014191259,
      1.3131140592423352,
      1.194377059540288,
      1.1179516983472488,
      1.066229603253305,
      1.026677866551009,
      0.993351259099489,
      0.9637586735188961,
      0.9320487783883106,
      0.9119777765802362,
      0.8882069105113094,
      0.864503507502377,
      0.8460791924629699,
      0.8305321180854331,
      0.8090949626639485,
      0.8009419125420126,
      0.7819766640155152,
      0.7719969472593882,
      0.761532670056278,
      0.7416268758137118
    ],
    "val_loss": [
      2.2161285665970816,
      2.1734573222413847,
      1.6610265502446815,
      1.631407405756697,
      1.4212335393398623,
      1.410846056817453,
      1.3027891901474964,
      1.0889375058910515,
      1.2402112189727494,
      1.072221789933458,
      1.1062617377389836,
      1.0862761849089513,
      0.8771584954442857,
      0.9069024128249928,
      0.9488437107846707,
      0.8747661060924772,
      0.882124281382259,
      0.8569024416464793,
      0.8560724364051336,
      0.8712904392918454
    ],
    "train_accuracy": [
      0.380394684208187,
      0.5092115205120228,
      0.5583025912262767,
      0.5908040357349216,
      0.6089048402151207,
      0.625150006666963,
      0.639317302991244,
      0.6497066536290502,
      0.660384905995822,
      0.6688741721854304,
      0.6765300680030224,
      0.6851193386372728,
      0.6914751766745189,
      0.6974421085381572,
      0.7076758967065203,
      0.7094981999199964,
      0.7147095426463398,
      0.7204542424107738,
      0.722576558958176,
      0.7311658295924264
    ],
    "val_accuracy": [
      0.2720911635345862,
      0.3359656137544982,
      0.4635145941623351,
      0.47840863654538185,
      0.5371851259496202,
      0.5354858056777289,
      0.5606757297081167,
      0.6193522590963615,
      0.5885645741703319,
      0.6275489804078369,
      0.615953618552579,
      0.624750099960016,
      0.6830267892842863,
      0.6698320671731307,
      0.6702319072371051,
      0.676829268292683,
      0.6697321071571372,
      0.6956217512994802,
      0.686625349860056,
      0.68812475009996
    ]
  }
}
