{
  "timestamp": "2025-03-31T03:17:52.903258",
  "time_took": "17.0 min 9.078158140182495 sec",
  "metrics": {
    "train_loss": [
      1.6769842808558182,
      1.3610617503185163,
      1.2430933147499508,
      1.16995873818682,
      1.1158345914869146,
      1.072994952513413,
      1.035332059572366,
      1.0057818167419597,
      0.9817279258065603,
      0.9589165885170753,
      0.934443819929253,
      0.9131409858607433,
      0.8964121921665289,
      0.8814457643946464,
      0.8662503493780439,
      0.8487987564030018,
      0.8333027387376536,
      0.8187259537252513,
      0.8072087895125151,
      0.7955631278455257
    ],
    "val_loss": [
      1.7819571449786802,
      1.6474036310292497,
      1.5052972307688073,
      1.5540091267114953,
      1.487412396865555,
      1.2182441466971288,
      1.3148150806185566,
      1.1723265104655978,
      1.0333092152317869,
      1.0705288724054265,
      1.0164472717273085,
      1.0168192318723173,
      0.9812694161753112,
      1.0483597373660607,
      1.1514576892309552,
      0.901105877719348,
      1.0296254014667077,
      0.8805758960639374,
      0.9704368597344507,
      0.7734222155583056
    ],
    "train_accuracy": [
      0.3744166407395884,
      0.4953331259167074,
      0.5427574558869283,
      0.57106982532557,
      0.5910040446242055,
      0.6063936174941108,
      0.6199942219654206,
      0.6311836081603627,
      0.6416062936130494,
      0.6502066758522601,
      0.6593070803146807,
      0.666429619094182,
      0.6729299079959109,
      0.6777967909684874,
      0.6824636650517801,
      0.691330725810036,
      0.6964420640917374,
      0.7024645539801769,
      0.7043646384283746,
      0.7122316547402107
    ],
    "val_accuracy": [
      0.3691523390643742,
      0.4489204318272691,
      0.49660135945621753,
      0.501999200319872,
      0.526389444222311,
      0.576469412235106,
      0.5614754098360656,
      0.593062774890044,
      0.6332467013194722,
      0.6216513394642144,
      0.6405437824870052,
      0.6406437425029988,
      0.6517393042782886,
      0.6307477009196322,
      0.6085565773690523,
      0.6743302678928429,
      0.6391443422630948,
      0.6809276289484206,
      0.6540383846461415,
      0.7198120751699321
    ]
  }
}
