{
  "timestamp": "2025-03-31T05:10:00.374414",
  "time_took": "15.0 min 37.24699664115906 sec",
  "metrics": {
    "train_loss": [
      2.0120623013512655,
      1.7444824857467955,
      1.6461532788181847,
      1.5806439566341313,
      1.525466735559431,
      1.48509740490805,
      1.4562356815758077,
      1.4313861273906447,
      1.4105523171072656,
      1.3971499092876911,
      1.3821701326153495,
      1.367012738504193,
      1.3573267664760351,
      1.3424076708880337,
      1.3404009895907207,
      1.3286799940873275,
      1.3190135366537354,
      1.3082492495463653,
      1.2984583592888983,
      1.2974138447845525
    ],
    "val_loss": [
      1.7592312007010737,
      1.6152201634419114,
      1.5645711572864387,
      1.560671922526782,
      1.4440201113495645,
      1.443958917750588,
      1.3561134413827824,
      1.3642401710341248,
      1.3198315946361687,
      1.2956057515325425,
      1.2909357366682608,
      1.2798509756221046,
      1.262277763101119,
      1.2316435545305662,
      1.2052273267432103,
      1.2583985977535006,
      1.2018579486050183,
      1.2231730192522459,
      1.207821942582915,
      1.2390293863755237
    ],
    "train_accuracy": [
      0.24293301924529978,
      0.339315080670252,
      0.3777612338326148,
      0.4046402062313881,
      0.4271523178807947,
      0.4433863727276768,
      0.4540646250944486,
      0.4632650340015112,
      0.47293213031690295,
      0.4783323703275701,
      0.4829436863860616,
      0.48992177430108,
      0.4948886617182986,
      0.49816658518156365,
      0.5019445308680386,
      0.5053002355660251,
      0.5094115294013067,
      0.5127116760744922,
      0.5166562958353704,
      0.52015645139784
    ],
    "val_accuracy": [
      0.3126749300279888,
      0.37784886045581767,
      0.39604158336665335,
      0.41253498600559774,
      0.453218712514994,
      0.4504198320671731,
      0.49120351859256295,
      0.493702518992403,
      0.5005997600959616,
      0.5143942423030787,
      0.5126949220311875,
      0.5161935225909636,
      0.5329868052778889,
      0.5361855257896841,
      0.558876449420232,
      0.530687724910036,
      0.5544782087165134,
      0.5438824470211915,
      0.5536785285885646,
      0.539484206317473
    ]
  }
}
