{
  "timestamp": "2025-03-31T05:25:32.923699",
  "time_took": "15.0 min 32.54889798164368 sec",
  "metrics": {
    "train_loss": [
      1.972979925064878,
      1.7037982764569195,
      1.6037801328030499,
      1.5382493143393234,
      1.4808691091496835,
      1.4517536122690549,
      1.4271351038054987,
      1.401436910033226,
      1.3793150509961627,
      1.3693651028654792,
      1.3533398331227628,
      1.3435190978714011,
      1.3351192809641361,
      1.3245338802649216,
      1.3092417611994527,
      1.3059701147404583,
      1.2997868663885377,
      1.2896882114423946,
      1.281872851604765,
      1.2696224407038905
    ],
    "val_loss": [
      1.7203083596652067,
      1.600010772294636,
      1.5475828481625906,
      1.5490559022637862,
      1.4741833270350588,
      1.3969440746910964,
      1.3752037135860589,
      1.378997582423536,
      1.3975829942316949,
      1.3782768189152586,
      1.2996065058285677,
      1.2648738019074066,
      1.2433082318004174,
      1.220536024510106,
      1.197572050969812,
      1.253073621399795,
      1.216499595702449,
      1.1828868856912926,
      1.1811367416683631,
      1.2179576324511179
    ],
    "train_accuracy": [
      0.25714476198942177,
      0.3562158318147473,
      0.39343970843148585,
      0.4197186541624072,
      0.44261967198542157,
      0.45743144139739544,
      0.46522067647451,
      0.4747322103204587,
      0.485332681452509,
      0.48639939552869016,
      0.49197742121872085,
      0.49796657629227964,
      0.5019111960531579,
      0.5071669851993422,
      0.5113227254544647,
      0.513000577803458,
      0.5137895017556335,
      0.5194119738655051,
      0.522834348193253,
      0.5280568025245567
    ],
    "val_accuracy": [
      0.3436625349860056,
      0.4020391843262695,
      0.4063374650139944,
      0.4112355057976809,
      0.43622550979608155,
      0.4689124350259896,
      0.48110755697720914,
      0.48200719712115153,
      0.47570971611355456,
      0.47970811675329866,
      0.5079968012794882,
      0.5278888444622151,
      0.5379848060775689,
      0.5418832467013195,
      0.547281087564974,
      0.5330867652938824,
      0.5421831267493002,
      0.5570771691323471,
      0.5580767692922831,
      0.546281487405038
    ]
  }
}
