{
  "timestamp": "2025-03-31T03:35:02.907119",
  "time_took": "17.0 min 10.00337553024292 sec",
  "metrics": {
    "train_loss": [
      1.709806363182989,
      1.3814763594418764,
      1.2727660314941949,
      1.2013250665569848,
      1.1521417429162697,
      1.1078050819818268,
      1.072283753193915,
      1.0468663599511439,
      1.018687036057765,
      0.9953167972747575,
      0.9705067742615938,
      0.9553972436961803,
      0.9385133752260696,
      0.9170504497702826,
      0.9052843767302957,
      0.8861472771757029,
      0.873427465304055,
      0.8645955071869221,
      0.8513078827580268,
      0.8364038733257488
    ],
    "val_loss": [
      1.8636764453936228,
      1.8628632494165926,
      1.6721770325793495,
      1.6868110955515994,
      1.5835803369932537,
      1.3129532955869843,
      1.5328099908708017,
      1.253662814067889,
      1.3090533878229842,
      1.2332160880294027,
      1.3413102400453785,
      1.3041921914378298,
      1.259077921698365,
      1.103352336943904,
      1.0661104751538626,
      1.1670767498921744,
      1.0166317420669748,
      0.9838963724389861,
      0.9403499168685719,
      1.00891234829456
    ],
    "train_accuracy": [
      0.3633605938041691,
      0.48801057824792216,
      0.5298013245033113,
      0.5579803546824303,
      0.5755144673096582,
      0.5936041601848971,
      0.6077492332992578,
      0.6193608604826881,
      0.6281501400062225,
      0.6346504289079514,
      0.6455286901640073,
      0.6510178230143562,
      0.6576958975954487,
      0.6677074536646073,
      0.6698742166318503,
      0.6760522689897329,
      0.6822636561624961,
      0.6836081603626828,
      0.6891417396328726,
      0.696219831992533
    ],
    "val_accuracy": [
      0.36555377848860454,
      0.4019392243102759,
      0.47421031587365053,
      0.4957017193122751,
      0.5093962415033987,
      0.5624750099960016,
      0.5195921631347461,
      0.5734706117552979,
      0.5673730507796881,
      0.5884646141543383,
      0.5570771691323471,
      0.5776689324270292,
      0.5854658136745302,
      0.6221511395441823,
      0.632047181127549,
      0.6029588164734107,
      0.6431427429028389,
      0.6545381847261096,
      0.6640343862455018,
      0.6431427429028389
    ]
  }
}
