{
  "timestamp": "2025-03-31T04:38:24.855929",
  "time_took": "16.0 min 18.531810522079468 sec",
  "metrics": {
    "train_loss": [
      1.7650848735462537,
      1.4681636992503295,
      1.3607316699556329,
      1.2863306509838863,
      1.243934527801519,
      1.2025505479594523,
      1.1729089195247402,
      1.1485043188387698,
      1.1225271660157226,
      1.0937442924319343,
      1.0747120154344223,
      1.052084886976941,
      1.0374850301410665,
      1.0198082234710455,
      1.0065473155541853,
      0.9908627236939289,
      0.9745353559370745,
      0.9618976157666608,
      0.955652407539839,
      0.9386460957202044
    ],
    "val_loss": [
      1.758003740371028,
      2.206318636483784,
      1.6028258649608758,
      1.8245044841042048,
      1.510561171966263,
      1.3428884473028062,
      1.239244381083718,
      1.1588283581069754,
      1.1742785987974722,
      1.4018894086910199,
      1.1479659095595154,
      1.1733613715896123,
      1.1488911562328097,
      1.2531135368950759,
      1.0098204356205613,
      1.0370212340656715,
      0.8719105237646948,
      1.0699814641022984,
      0.9248064386693737,
      0.8321647372426866
    ],
    "train_accuracy": [
      0.3354371305391351,
      0.4445975376683408,
      0.48855504689097295,
      0.5186897195430908,
      0.5349682208098138,
      0.5514356193608605,
      0.5646139828436819,
      0.5729254633539268,
      0.5843148584381528,
      0.595059780434686,
      0.6023156584737099,
      0.6117382994799769,
      0.6192052980132451,
      0.6248388817280768,
      0.6320169785323793,
      0.6382505889150629,
      0.6424063291701854,
      0.649651095604249,
      0.6510289346193164,
      0.6589959553757945
    ],
    "val_accuracy": [
      0.35265893642542984,
      0.3101759296281487,
      0.44722111155537786,
      0.40873650539784084,
      0.4657137145141943,
      0.5179928028788484,
      0.5484806077568972,
      0.5695721711315473,
      0.5654738104758097,
      0.5164934026389444,
      0.5858656537385046,
      0.5743702518992403,
      0.5847660935625749,
      0.5591763294682127,
      0.6188524590163934,
      0.6180527788884447,
      0.6778288684526189,
      0.6183526589364254,
      0.6568372650939625,
      0.6983206717313075
    ]
  }
}
