{
  "timestamp": "2025-03-31T04:04:46.757283",
  "time_took": "29.0 min 43.84980630874634 sec",
  "metrics": {
    "train_loss": [
      1.4204071724618024,
      1.182623564350334,
      1.0752601493996652,
      0.9961830399591814,
      0.9380837203088132,
      0.880353273908523,
      0.8391813552853736,
      0.8053737697614864,
      0.7763279316608201,
      0.7547319085252556,
      0.7272890223698183,
      0.7045924168672751,
      0.6925183461386372,
      0.6763244708999991,
      0.6595623417418789,
      0.6427258591760289,
      0.6314763373864646,
      0.6198972100391984,
      0.6071254479360174,
      0.5968280546367168
    ],
    "val_loss": [
      6.493865502031544,
      5.4544767971280255,
      5.247738795944407,
      5.098061501225339,
      4.179031329818919,
      3.3058525067341478,
      3.542883703980265,
      2.6010686476019362,
      2.7889740648148935,
      1.9697102564799636,
      2.548658449438554,
      1.8543231245837635,
      2.0583234391634977,
      1.6963784724851199,
      1.3226395302181002,
      1.6133643720723405,
      1.3983033654056019,
      1.4252781173850917,
      1.3219788240481027,
      1.1463019387631477
    ],
    "train_accuracy": [
      0.4714765100671141,
      0.562802791235166,
      0.6048602160096004,
      0.6353282368105249,
      0.6581848082136984,
      0.6802524556646962,
      0.6956420285346016,
      0.7079092404106849,
      0.7200320014222854,
      0.7275545579803547,
      0.7375772256544735,
      0.7438663940619583,
      0.7494333081470288,
      0.7552113427263434,
      0.7613116138495044,
      0.7660896039823992,
      0.7708009244855327,
      0.7758344815325126,
      0.779990221787635,
      0.7840904040179564
    ],
    "val_accuracy": [
      0.23530587764894043,
      0.22760895641743303,
      0.22520991603358656,
      0.21581367453018793,
      0.2614954018392643,
      0.2935825669732107,
      0.29098360655737704,
      0.3556577369052379,
      0.3432626949220312,
      0.4345261895241903,
      0.3781487405037985,
      0.4845061975209916,
      0.44342263094762097,
      0.5080967612954818,
      0.5780687724910036,
      0.5210915633746501,
      0.5583766493402639,
      0.5753698520591763,
      0.5830667732906837,
      0.6293482606957217
    ]
  }
}
