{
  "timestamp": "2025-03-31T02:43:27.718276",
  "time_took": "17.0 min 20.67919898033142 sec",
  "metrics": {
    "train_loss": [
      1.6015675594522194,
      1.3021262858740308,
      1.1780712877992878,
      1.10343101171946,
      1.0411703701723705,
      0.9970964642072265,
      0.9595983472060073,
      0.928279940970242,
      0.9028907481750305,
      0.8794021160257134,
      0.8533353949473663,
      0.8351774364709854,
      0.8116359443149783,
      0.7959064983508803,
      0.7769963615150615,
      0.7629258318550207,
      0.7533549113537777,
      0.743141452527859,
      0.7303651781244711,
      0.7188802938061681
    ],
    "val_loss": [
      2.5240190180042124,
      1.8639873583105546,
      2.0119621648064143,
      1.4374263618565812,
      1.1558709748183624,
      1.2078798526450047,
      1.1353254197519036,
      1.0441224310971513,
      1.0033321478698827,
      0.9488831743409362,
      1.102098347265509,
      0.8298076436489443,
      0.8950460221194014,
      0.7668209415447863,
      0.8694091884395744,
      0.7507647532451002,
      0.7610088435909416,
      0.8150087730794013,
      0.7508267209499697,
      0.6704027471663077
    ],
    "train_accuracy": [
      0.3966620738699498,
      0.5118783057024756,
      0.5639250633361482,
      0.5920596470954265,
      0.6203497933241477,
      0.6359504866882972,
      0.6479732432552557,
      0.6623738832837015,
      0.6707298102137873,
      0.6799968887506112,
      0.6898306591404062,
      0.6972198764389529,
      0.7065091781856971,
      0.71118716387395,
      0.7184097070980933,
      0.7242766345170897,
      0.7256211387172763,
      0.7305213565047336,
      0.7343437486110493,
      0.7397106538068359
    ],
    "val_accuracy": [
      0.2272091163534586,
      0.37365053978408636,
      0.36535385845661733,
      0.4949020391843263,
      0.5889644142343062,
      0.5875649740103959,
      0.5928628548580568,
      0.6206517393042783,
      0.6255497800879648,
      0.6466413434626149,
      0.603858456617353,
      0.695421831267493,
      0.671031587365054,
      0.7157137145141943,
      0.6686325469812076,
      0.720811675329868,
      0.7186125549780088,
      0.6963214714114354,
      0.7200119952019193,
      0.7554978008796481
    ]
  }
}
