{
  "timestamp": "2025-03-31T02:26:07.038660",
  "time_took": "17.0 min 38.39566683769226 sec",
  "metrics": {
    "train_loss": [
      1.6122539905323223,
      1.3496921683915637,
      1.2531389599158005,
      1.1847742667252368,
      1.1331204630603844,
      1.0842911225150933,
      1.043176767246967,
      1.0026060291989283,
      0.9706790131432089,
      0.9387949215756222,
      0.9151588288051161,
      0.894871820780364,
      0.8733621963553808,
      0.8569342383098874,
      0.8421996754001487,
      0.8218580017882314,
      0.8072618060237304,
      0.79445829809728,
      0.7786134527996182,
      0.7676361124454574
    ],
    "val_loss": [
      2.111900412583653,
      2.8315997063359126,
      1.435770259627813,
      1.556920410711554,
      1.6803438437135914,
      1.3370856061766418,
      1.2582897098758552,
      1.1418275199358976,
      1.0569846962071672,
      1.0737211259105537,
      0.9232265519190438,
      1.1833759998973412,
      1.0303354451927957,
      0.9698757287822192,
      0.9034804996055893,
      0.8907479319391371,
      0.8548190125936195,
      0.947656325901611,
      0.8601618386522124,
      0.8471817215786704
    ],
    "train_accuracy": [
      0.38932841459620426,
      0.4872327659007067,
      0.5288123916618517,
      0.5566247388772835,
      0.5770367571892084,
      0.5999266634072625,
      0.6149384417085204,
      0.6314058402595671,
      0.643450820036446,
      0.655595804257967,
      0.6667296324281079,
      0.6735299346637629,
      0.68044135294902,
      0.6868527490110672,
      0.6945864260633806,
      0.7010644917551891,
      0.704986888306147,
      0.7108649273301035,
      0.7175096670963154,
      0.7205098004355749
    ],
    "val_accuracy": [
      0.2631947221111555,
      0.20531787285085965,
      0.47840863654538185,
      0.4572171131547381,
      0.4384246301479408,
      0.5279888044782087,
      0.5539784086365453,
      0.583766493402639,
      0.6122550979608157,
      0.6188524590163934,
      0.6701319472211116,
      0.588764494202319,
      0.6210515793682527,
      0.6445421831267493,
      0.6675329868052778,
      0.6776289484206317,
      0.6850259896041584,
      0.6614354258296681,
      0.6893242702918833,
      0.6904238304678129
    ]
  }
}
