{
  "timestamp": "2025-03-31T02:08:28.642638",
  "time_took": "17.0 min 35.75600004196167 sec",
  "metrics": {
    "train_loss": [
      1.716923326761885,
      1.4459570407528768,
      1.3253066649829799,
      1.259957572783936,
      1.2115725371986628,
      1.1694968969307162,
      1.1402621996504338,
      1.1103641281581738,
      1.0886975147507407,
      1.0659474086185747,
      1.0401879308575934,
      1.025173187086528,
      1.0016982242126355,
      0.9833589328283613,
      0.9698283583433791,
      0.9533052701841701,
      0.9392390540716323,
      0.9283959786830978,
      0.917064880698242,
      0.901068386960436
    ],
    "val_loss": [
      1.4829356157327,
      1.440579747851891,
      1.3275631424746936,
      1.334917456288881,
      1.2221489541138275,
      1.1358588601969466,
      1.1955900773217407,
      1.1549489867838123,
      0.9795833486544935,
      1.0746273443668704,
      1.0290047005762029,
      0.9843329070489618,
      0.9570088718510881,
      0.9003431472597243,
      1.1177277678175817,
      0.975796527500394,
      0.9429323130016085,
      0.8689701074286352,
      0.8792418173596829,
      0.9115293093874485
    ],
    "train_accuracy": [
      0.3459375972265434,
      0.4501755633583715,
      0.5008667051868972,
      0.5268456375838926,
      0.5478799057735899,
      0.5628583492599671,
      0.5736477176763412,
      0.5865816258500378,
      0.5931596959864883,
      0.6024489977332326,
      0.6129272412107205,
      0.6183608160362682,
      0.6283834837103871,
      0.6347170985377127,
      0.6431841415174008,
      0.6489177296768746,
      0.6545068669718654,
      0.6598182141428508,
      0.6615627361216054,
      0.6683630383572603
    ],
    "val_accuracy": [
      0.42323070771691323,
      0.4634146341463415,
      0.5133946421431428,
      0.5027988804478208,
      0.5470811675329869,
      0.5725709716113555,
      0.5528788484606157,
      0.5728708516593363,
      0.6316473410635746,
      0.5977608956417433,
      0.6076569372251099,
      0.6353458616553379,
      0.6501399440223911,
      0.6697321071571372,
      0.5912634946021591,
      0.6397441023590564,
      0.6576369452219112,
      0.6738304678128748,
      0.6824270291883247,
      0.6707317073170732
    ]
  }
}
