{
  "timestamp": "2025-03-31T04:22:06.323709",
  "time_took": "17.0 min 19.566051721572876 sec",
  "metrics": {
    "train_loss": [
      1.5953703546388582,
      1.2996023427695036,
      1.1836902173236012,
      1.1056555663658814,
      1.0491381146183067,
      0.9979309115389531,
      0.9670790118927305,
      0.9373642749745738,
      0.9048919907178391,
      0.8841670694845644,
      0.8627055179835721,
      0.8398880078033968,
      0.817817041227086,
      0.8011769595640627,
      0.7837705341252413,
      0.7713585498488762,
      0.761685925705189,
      0.7414191454987634,
      0.7379706160758029,
      0.7216115751811727
    ],
    "val_loss": [
      1.9359146899814847,
      1.8214332468902008,
      1.5702857699575303,
      1.2359966137741185,
      1.2306761568105673,
      1.1739158585101743,
      1.2408729836910586,
      1.0221913124941573,
      0.8731172333789777,
      0.8753565979909294,
      0.9150044148481344,
      0.8900759469104719,
      0.8343716271315949,
      0.7503583167172685,
      0.7538945252382303,
      0.8030149106737934,
      0.8341643131231959,
      0.7449071196061147,
      0.7781983289537551,
      0.7519049923631209
    ],
    "train_accuracy": [
      0.3993399706653629,
      0.5133117027423441,
      0.5614693986399395,
      0.5935597137650562,
      0.615527356771412,
      0.6352504555758034,
      0.6464953997955465,
      0.6587292768567492,
      0.6709964887328326,
      0.678574603315703,
      0.6866082937019423,
      0.6942975243344148,
      0.7007755900262234,
      0.7086426063380594,
      0.7165874038846171,
      0.7192653006800303,
      0.7244099737766123,
      0.7293879727987911,
      0.7313769500866705,
      0.7363882839237299
    ],
    "val_accuracy": [
      0.3244702119152339,
      0.3887445021991204,
      0.4686125549780088,
      0.5663734506197521,
      0.569672131147541,
      0.5931627349060375,
      0.5717712914834067,
      0.6290483806477409,
      0.6794282287085166,
      0.6756297481007597,
      0.6601359456217513,
      0.6810275889644143,
      0.6968212714914035,
      0.7195121951219512,
      0.7172131147540983,
      0.703718512594962,
      0.6953218712514994,
      0.7177129148340664,
      0.7209116353458617,
      0.7276089564174331
    ]
  }
}
