{
  "timestamp": "2025-04-06T15:02:32.138608",
  "time_took": "5.0 min 3.159409761428833 sec",
  "metrics": {
    "train_loss": [
      1.5354180683127858,
      1.1842488269744949,
      1.069220819933848,
      1.0032532276077704,
      0.9513072258030827,
      0.9061022442342206,
      0.8672407309270718,
      0.8395620476115834,
      0.8138914450325749,
      0.7868193000216376,
      0.7623378841883757,
      0.7452340751717036,
      0.7237589963373136,
      0.7033537260087376,
      0.6864095313305204,
      0.6614501956342296,
      0.6470872693356465,
      0.6275247003967789,
      0.6108553271148015,
      0.5972372062758289
    ],
    "val_loss": [
      1.3843743755847593,
      1.240645914892607,
      1.144941984098169,
      1.2006904445117033,
      1.1892664055281048,
      1.1724255213254615,
      1.1452303061002418,
      1.1381019640572463,
      1.156095858616165,
      1.0915331923508946,
      0.9885269682618636,
      1.1537703683104696,
      0.9732430584823029,
      1.1032226395003404,
      1.0112275028530555,
      0.8289313410656362,
      0.9100396082371096,
      0.8870521866822545,
      0.708671891236607,
      0.9227185056933874
    ],
    "train_accuracy": [
      0.4325303346815414,
      0.5539690652917908,
      0.5905595804257967,
      0.6163718387483889,
      0.6429841326281168,
      0.6649073292146318,
      0.6807747010978266,
      0.6931196942086315,
      0.7023867727454554,
      0.7124538868394151,
      0.7223987732788124,
      0.726010044890884,
      0.7351215609582649,
      0.743144139739544,
      0.75151117827459,
      0.7583559269300858,
      0.7659340415129561,
      0.7735788257255878,
      0.7798013245033113,
      0.7842015200675586
    ],
    "val_accuracy": [
      0.4647141143542583,
      0.4999000399840064,
      0.5420831667333067,
      0.505797680927629,
      0.5451819272291084,
      0.5456817273090764,
      0.5719712115153939,
      0.5544782087165134,
      0.5723710515793683,
      0.5913634546181528,
      0.6234506197520991,
      0.5855657736905238,
      0.6416433426629349,
      0.5913634546181528,
      0.625249900039984,
      0.6797281087564974,
      0.6594362255097961,
      0.6678328668532587,
      0.7268092762894842,
      0.6515393842463015
    ]
  }
}
