{
  "timestamp": "2025-04-06T14:57:28.978588",
  "time_took": "5.0 min 2.3630664348602295 sec",
  "metrics": {
    "train_loss": [
      0.9873435375365344,
      0.7261644244109365,
      0.6190366797064516,
      0.5426732215353034,
      0.49430994541299617,
      0.45979412412270904,
      0.4324328076009723,
      0.40771519479511137,
      0.3879005613059483,
      0.37133991418787365,
      0.35329256450164725,
      0.34399608548053284,
      0.3288149141748859,
      0.32129290113648906,
      0.308829048817808,
      0.29650074370544066,
      0.2897006811320104,
      0.28211966931650584,
      0.2765092914289033,
      0.2699037484655326
    ],
    "val_loss": [
      2.41385556172721,
      1.914331832264043,
      1.736151488521431,
      1.290443315536161,
      1.1101540225216104,
      0.7850435368622406,
      0.8401655909381335,
      0.9111490144005304,
      0.5480055699620066,
      0.42623108983794344,
      0.6917181860042524,
      0.4782022479214246,
      0.818237534052209,
      0.40554615666594684,
      0.5001351441009135,
      0.5698683799444875,
      0.3142892425950569,
      0.5323482059602496,
      0.33257460669626165,
      0.4979695855062219
    ],
    "train_accuracy": [
      0.6420063113916175,
      0.7422552113427263,
      0.7806235832703676,
      0.8066358504822436,
      0.8255255789146184,
      0.837848348815503,
      0.8483599271078714,
      0.8551380061336059,
      0.8621605404684652,
      0.8682274767767456,
      0.8758278145695364,
      0.8789279523534379,
      0.8834392639672874,
      0.8874949997777679,
      0.8914285079336859,
      0.8953842392995244,
      0.8984843770834259,
      0.9007955909151518,
      0.9021067603004578,
      0.9042179652428997
    ],
    "val_accuracy": [
      0.3785485805677729,
      0.5027988804478208,
      0.5548780487804879,
      0.624250299880048,
      0.6644342263094762,
      0.7492003198720512,
      0.7238104758096762,
      0.7204118352658937,
      0.8263694522191124,
      0.8512594962015194,
      0.7649940023990404,
      0.8381647341063575,
      0.7626949220311875,
      0.8646541383446621,
      0.8306677329068373,
      0.8126749300279889,
      0.8889444222311076,
      0.8299680127948821,
      0.8847461015593763,
      0.8331667333066773
    ]
  }
}
