{
  "timestamp": "2025-04-06T14:46:16.642612",
  "time_took": "5.0 min 1.8709547519683838 sec",
  "metrics": {
    "train_loss": [
      1.0521956933662295,
      0.6794059116985988,
      0.5534955312243917,
      0.4867392881265418,
      0.4377668505449864,
      0.4021584950387478,
      0.3717458341270685,
      0.3473276588854126,
      0.32916137855499983,
      0.3133859724145044,
      0.2967001463667574,
      0.286267417694696,
      0.2716298170853406,
      0.2602769693423232,
      0.24773728674997322,
      0.24307578559753232,
      0.23317185621073638,
      0.22198336102618751,
      0.21661194113337182,
      0.20942084332504732
    ],
    "val_loss": [
      1.5610513581505305,
      0.991382663008533,
      0.7247334296190286,
      0.9484563786772233,
      0.7648133341270157,
      0.6034010580823391,
      0.5007731903202927,
      0.46105574731585347,
      0.36756735794906376,
      0.4968171798730198,
      0.3183619534667534,
      0.37471126548097106,
      0.2764153397535976,
      0.29353745658940905,
      0.23942921376681026,
      0.332688688854628,
      0.2619718079325519,
      0.20853589135634748,
      0.20723123414606986,
      0.2520002462441408
    ],
    "train_accuracy": [
      0.6221498733277034,
      0.7611782745899818,
      0.8042246322058758,
      0.8269923107693675,
      0.8442375216676297,
      0.8583048135472687,
      0.8669496422063203,
      0.8771389839548425,
      0.8829836881639184,
      0.8897395439797324,
      0.8957175874483311,
      0.8997622116538513,
      0.9045290901817858,
      0.9082181430285791,
      0.9131628072358772,
      0.9140184008178142,
      0.9177963465042891,
      0.920463131694742,
      0.9231410284901551,
      0.9264078403484599
    ],
    "val_accuracy": [
      0.4924030387844862,
      0.634046381447421,
      0.7409036385445822,
      0.6739304278288685,
      0.7340063974410236,
      0.7830867652938824,
      0.818672530987605,
      0.8266693322670932,
      0.8710515793682527,
      0.8305677728908437,
      0.888344662135146,
      0.868452618952419,
      0.9083366653338665,
      0.8983406637345062,
      0.921031587365054,
      0.8888444622151139,
      0.9121351459416234,
      0.9279288284686126,
      0.9276289484206317,
      0.9131347461015594
    ]
  }
}
