{
  "timestamp": "2025-04-06T00:33:43.966913",
  "time_took": "6.0 min 40.877830266952515 sec",
  "metrics": {
    "train_loss": [
      0.9269390720046375,
      0.5926838182138032,
      0.4833768118839013,
      0.42211456507327844,
      0.3851033488107753,
      0.34690409177272635,
      0.3254405189102924,
      0.3057553738903902,
      0.2859031003494302,
      0.27406978626181616,
      0.2608114072143862,
      0.2486059951837318,
      0.23629547791324432,
      0.2272691605000141,
      0.2191075099883101,
      0.2102747588278378,
      0.20548350156450076,
      0.19759731764855162,
      0.19532882802451934,
      0.18578060808496524
    ],
    "val_loss": [
      0.9558342208687108,
      0.6962742004722071,
      0.46994038854544157,
      0.6050496302283229,
      0.4686658521429799,
      0.40015764139330806,
      0.2986270997899409,
      0.29341903181312184,
      0.22659906821724135,
      0.25092519187746337,
      0.20792829344114558,
      0.26064889273418784,
      0.315435387575017,
      0.22997330706388044,
      0.29058126112618765,
      0.2288959840544687,
      0.2863206254145779,
      0.18657084513372316,
      0.3704451394680971,
      0.23328086656455796
    ],
    "train_accuracy": [
      0.6632850348904396,
      0.7869571980976933,
      0.8278590159562648,
      0.8504266856304724,
      0.8646828747944353,
      0.8774278856838081,
      0.8857171429841326,
      0.8927285657140317,
      0.8991844081959198,
      0.9040401795635361,
      0.9088181696964309,
      0.9130183563713943,
      0.9181852526778967,
      0.9207520334237077,
      0.924041068491933,
      0.9259633761500511,
      0.9282190319569759,
      0.930996933197031,
      0.9316747410996045,
      0.9347526556735855
    ],
    "val_accuracy": [
      0.6660335865653738,
      0.737405037984806,
      0.8170731707317073,
      0.7847860855657737,
      0.8267692922830868,
      0.854358256697321,
      0.8948420631747301,
      0.9011395441823271,
      0.9239304278288685,
      0.9091363454618153,
      0.9326269492203119,
      0.911735305877649,
      0.8885445821671332,
      0.9217313074770092,
      0.9018392642942823,
      0.9193322670931627,
      0.898140743702519,
      0.9407237105157937,
      0.8628548580567773,
      0.9158336665333866
    ]
  }
}
