{
  "timestamp": "2025-04-06T12:42:05.643216",
  "time_took": "6.0 min 19.964273691177368 sec",
  "metrics": {
    "train_loss": [
      1.2540296940132976,
      0.7755458256314424,
      0.612949063197117,
      0.5277587508105419,
      0.4704296560958028,
      0.4318618121429939,
      0.3972730597650463,
      0.36926819631745195,
      0.3450853634752672,
      0.3242765236434273,
      0.3083479916465215,
      0.29421749666587194,
      0.28534558142366057,
      0.2700380734167993,
      0.2588666681390764,
      0.2516221583249386,
      0.2420306236652488,
      0.2372433943356472,
      0.2295029276177626,
      0.22242330326910384
    ],
    "val_loss": [
      2.0505543403987643,
      1.6888549599466445,
      0.9717370482939708,
      1.2307761854763273,
      0.851778018323681,
      0.5358130467843406,
      0.4778812546518785,
      0.454488851978809,
      0.3772336269104028,
      0.3960696323008477,
      0.28024026129064683,
      0.4312199414530887,
      0.30254127594489083,
      0.2553928932057151,
      0.2519799038956437,
      0.30681796824630303,
      0.24281285250488716,
      0.2930174783060822,
      0.3165545840806599,
      0.34745255904861644
    ],
    "train_accuracy": [
      0.5270789812880573,
      0.7194208631494733,
      0.7783901506733633,
      0.8104026845637584,
      0.8315036223832171,
      0.8466376283390373,
      0.8590381794746433,
      0.8682385883817059,
      0.8785168229699097,
      0.8864060624916663,
      0.8930841370727588,
      0.8972954353526823,
      0.9002177874572204,
      0.9054624649984444,
      0.9103182363660607,
      0.9120405351348949,
      0.9153629050180008,
      0.9167851904529091,
      0.9198186586070493,
      0.9231965865149562
    ],
    "val_accuracy": [
      0.287984806077569,
      0.3785485805677729,
      0.6430427828868452,
      0.615953618552579,
      0.6964214314274291,
      0.8094762095161935,
      0.8288684526189524,
      0.8472610955617753,
      0.8724510195921631,
      0.8627548980407836,
      0.9071371451419432,
      0.8498600559776089,
      0.9061375449820072,
      0.9209316273490604,
      0.9206317473010796,
      0.8941423430627748,
      0.9215313874450219,
      0.8948420631747301,
      0.8845461815273891,
      0.8858456617353059
    ]
  }
}
