{
  "timestamp": "2025-04-06T00:40:13.252785",
  "time_took": "5.0 min 30.511122465133667 sec",
  "metrics": {
    "train_loss": [
      0.9726935241903577,
      0.612070367322717,
      0.5031116455899288,
      0.44293243531733434,
      0.4008713927392682,
      0.3641070746303706,
      0.34160996970866875,
      0.3161685711359334,
      0.29998958012845045,
      0.28500540094356125,
      0.26921708267592503,
      0.25800382512718883,
      0.24746944222601916,
      0.23721743355470087,
      0.2274023168736853,
      0.22068128669694034,
      0.20942767831816603,
      0.20400023153521699,
      0.19668742911605522,
      0.18951743598113943
    ],
    "val_loss": [
      1.1502138721715114,
      0.7706188229238911,
      0.6330562883121952,
      0.465281290802986,
      0.45873035053918315,
      0.35161526007637095,
      0.4080194529074772,
      0.33843925927475,
      0.3009627314320036,
      0.24856733616180482,
      0.2909467817301963,
      0.2323723450113254,
      0.249333808993458,
      0.2887756690667693,
      0.37853114287944356,
      0.27778110392154404,
      0.23361291788565886,
      0.19003279025482525,
      0.21152655469479076,
      0.16742630661198288
    ],
    "train_accuracy": [
      0.6511178274589982,
      0.7822681008044802,
      0.8212253877950131,
      0.8424152184541536,
      0.8565825147784346,
      0.8711387172763234,
      0.8791279612427219,
      0.8875283345926486,
      0.8937397217654118,
      0.8990510689363972,
      0.9049179963553936,
      0.9092292990799591,
      0.9130516911862749,
      0.9167296324281079,
      0.920163118360816,
      0.9223187697230988,
      0.9263189475087782,
      0.9278967954131295,
      0.9307524778879062,
      0.9334859327081204
    ],
    "val_accuracy": [
      0.586265493802479,
      0.717313074770092,
      0.76359456217513,
      0.8266693322670932,
      0.835765693722511,
      0.8789484206317473,
      0.8610555777688924,
      0.8866453418632547,
      0.8899440223910435,
      0.9176329468212715,
      0.8973410635745702,
      0.9203318672530988,
      0.9113354658136745,
      0.9008396641343462,
      0.8730507796881247,
      0.9001399440223911,
      0.9174330267892843,
      0.9326269492203119,
      0.9251299480207917,
      0.9420231907237105
    ]
  }
}
