{
  "timestamp": "2025-04-06T12:20:48.213953",
  "time_took": "17.0 min 59.27410435676575 sec",
  "metrics": {
    "train_loss": [
      1.000792963487572,
      0.6868106482426325,
      0.5755394578450256,
      0.5106841914546159,
      0.47280225585086477,
      0.44270637930432954,
      0.414308677418323,
      0.38962991117483214,
      0.37135771698123876,
      0.3613707600658346,
      0.34623816808822255,
      0.3281314886174475,
      0.3198145696664436,
      0.31168074638336485,
      0.3018876433518612,
      0.2946791287665152,
      0.2868306987958753,
      0.2813557957527331,
      0.27817873078732647,
      0.2730155369654091
    ],
    "val_loss": [
      1.0437204940743345,
      0.5895710597894223,
      0.3672157008428689,
      0.3800777656731191,
      0.32944382610861106,
      0.2717367221916215,
      0.41333097631452703,
      0.33045083630553107,
      0.2707468313928083,
      0.24916548042712236,
      0.2465991739468049,
      0.45917209852739965,
      0.2153617799885833,
      0.29993139824224746,
      0.21573491850800866,
      0.3274390799887508,
      0.292664732145284,
      0.26478410464265556,
      0.28991881234021927,
      0.24564177429654913
    ],
    "train_accuracy": [
      0.63558380372461,
      0.7530112449442198,
      0.7965020667585226,
      0.8195808702609004,
      0.8348371038712832,
      0.8460598248811059,
      0.8561380505800258,
      0.8645828703497933,
      0.8717831903640162,
      0.8760722698786613,
      0.8814725098893285,
      0.8875283345926486,
      0.8915507355882484,
      0.894406418063025,
      0.8971843193030802,
      0.8996733188141696,
      0.9031956975865594,
      0.9049513311702743,
      0.9060847148762167,
      0.9072958798168808
    ],
    "val_accuracy": [
      0.5768692522990804,
      0.7873850459816074,
      0.875749700119952,
      0.8617552978808477,
      0.8904438224710116,
      0.9110355857656938,
      0.8499600159936026,
      0.882546981207517,
      0.9151339464214314,
      0.9218312674930028,
      0.9229308276689324,
      0.8321671331467413,
      0.9336265493802479,
      0.9024390243902439,
      0.9301279488204718,
      0.882546981207517,
      0.904938024790084,
      0.9175329868052778,
      0.90843662534986,
      0.9187325069972011
    ]
  }
}
