{
  "timestamp": "2025-04-05T22:07:32.430694",
  "time_took": "9.0 min 56.38867974281311 sec",
  "metrics": {
    "train_loss": [
      0.9221915125105116,
      0.6023632819811503,
      0.5013845750060346,
      0.44395098821454576,
      0.402481561630302,
      0.37005240041679804,
      0.34733856585356926,
      0.3281842987365193,
      0.3144200272667739,
      0.2916929299404224,
      0.27930733069827157,
      0.2705703820024927,
      0.26062280983328817,
      0.24942983599255483,
      0.2420892386895087,
      0.2350299451145033,
      0.22797068053988948,
      0.22052215985490217,
      0.2150928865676125,
      0.20945746313668787
    ],
    "val_loss": [
      0.7632573545931246,
      0.5283776117018617,
      0.5092714850109415,
      0.467751074725161,
      0.3409263396207184,
      0.30386698232910125,
      0.24186332540634198,
      0.3065250420663208,
      0.2775726843411073,
      0.39370996295548855,
      0.20999741186640752,
      0.3860484167231253,
      0.3152465211590544,
      0.22614188426837753,
      0.21930443392560695,
      0.2478905511371339,
      0.2289547255000891,
      0.18746732214180092,
      0.17518753089314212,
      0.1757174392093937
    ],
    "train_accuracy": [
      0.6642850793368594,
      0.7853237921685409,
      0.8213920618694164,
      0.8410929374638872,
      0.8570158673718832,
      0.8686163829503534,
      0.8768500822258767,
      0.8850726698964398,
      0.8902284545979822,
      0.897984354860216,
      0.9022845459798213,
      0.9057069203075693,
      0.9102071203164586,
      0.9145295346459843,
      0.9148628827947909,
      0.919107515889595,
      0.921518734165963,
      0.924141072936575,
      0.9258855949153296,
      0.9266300724476644
    ],
    "val_accuracy": [
      0.7109156337465014,
      0.8034786085565774,
      0.8156737305077969,
      0.8221711315473811,
      0.8779488204718113,
      0.895641743302679,
      0.9189324270291883,
      0.8858456617353059,
      0.9083366653338665,
      0.8631547381047581,
      0.926829268292683,
      0.8467612954818072,
      0.8828468612554978,
      0.9249300279888045,
      0.924030387844862,
      0.9155337864854058,
      0.9149340263894442,
      0.9365253898440624,
      0.9446221511395442,
      0.9426229508196722
    ]
  }
}
