{
  "timestamp": "2025-04-06T11:53:34.117114",
  "time_took": "4.0 min 26.804643869400024 sec",
  "metrics": {
    "train_loss": [
      1.2416961416602135,
      0.8682372803715143,
      0.7170498882505026,
      0.6286266117610715,
      0.5661284850740974,
      0.5180816829881885,
      0.4819296950643713,
      0.4545908009802753,
      0.42950389432636177,
      0.4086766786534678,
      0.3862165097485889,
      0.3711316834457896,
      0.35681130787865684,
      0.3412550093436783,
      0.3306806565855037,
      0.31987053384496406,
      0.3088958924636245,
      0.29894536369564856,
      0.2902789664539424,
      0.2849503540518609
    ],
    "val_loss": [
      1.4679639875888824,
      1.3443429231643678,
      1.2568338990211487,
      1.039022958278656,
      0.8327353179454804,
      0.8573552787303924,
      0.7675260722637176,
      0.6868855655193329,
      0.5841052532196045,
      0.5420274138450623,
      0.54726951867342,
      0.5289878934621811,
      0.42020389884710313,
      0.5368454873561859,
      0.4598258525133133,
      0.42002716213464736,
      0.43234900683164595,
      0.41977503299713137,
      0.4023269936442375,
      0.36366198062896726
    ],
    "train_accuracy": [
      0.5483577047868794,
      0.6946419840881817,
      0.7491110716031824,
      0.7773012133872617,
      0.8000355571358727,
      0.8173696608738166,
      0.8297146539846215,
      0.8399484421529846,
      0.8493155251344504,
      0.8562269434197075,
      0.8631716965198454,
      0.8686274945553135,
      0.8748055469131961,
      0.8798724387750567,
      0.8838503933508156,
      0.8875172229876883,
      0.8908618160807147,
      0.8943841948531046,
      0.897528779056847,
      0.900551135606027
    ],
    "val_accuracy": [
      0.4897041183526589,
      0.5163934426229508,
      0.5469812075169932,
      0.627249100359856,
      0.7126149540183926,
      0.6880247900839664,
      0.7555977608956418,
      0.7619952019192323,
      0.7907836865253899,
      0.8032786885245902,
      0.8005797680927629,
      0.8039784086365453,
      0.8487604958016793,
      0.7980807676929228,
      0.8284686125549781,
      0.8479608156737305,
      0.8477608956417433,
      0.8458616553378648,
      0.849360255897641,
      0.8663534586165533
    ]
  }
}
