{
  "timestamp": "2025-04-06T01:00:26.643522",
  "time_took": "4.0 min 38.505980491638184 sec",
  "metrics": {
    "train_loss": [
      1.139736895026131,
      0.7664314870807257,
      0.624183314429088,
      0.5452168771827762,
      0.495885532095351,
      0.45619159801439807,
      0.4239180044863712,
      0.39740626386959443,
      0.37424120552499185,
      0.35351372019133787,
      0.3395058113488961,
      0.32312961570410564,
      0.30965264327824116,
      0.29681530641391873,
      0.2821307813071392,
      0.2735729598524896,
      0.2629490313543515,
      0.2542591087350791,
      0.2458600432358005,
      0.2389511054974388
    ],
    "val_loss": [
      1.3953713476657867,
      1.2111282050609589,
      1.129024113714695,
      0.934688551723957,
      0.8023906707763672,
      0.7049891725182533,
      0.7079362258315086,
      0.6372272461652756,
      0.6663802996277809,
      0.45263495445251467,
      0.4853831097483635,
      0.4493724599480629,
      0.4767935112118721,
      0.42952375710010526,
      0.35093004554510115,
      0.4283314421772957,
      0.3425596319139004,
      0.36989716365933417,
      0.3248403273522854,
      0.269780071079731
    ],
    "train_accuracy": [
      0.5870038668385261,
      0.7283990399573315,
      0.7785679363527268,
      0.8055691364060625,
      0.8232588115027335,
      0.8383594826436731,
      0.8480488021689853,
      0.8597048757722565,
      0.867238543935286,
      0.8749277745677586,
      0.8791390728476821,
      0.8855060224898884,
      0.889972887683897,
      0.8964953997955465,
      0.9005178007911463,
      0.9036957198097694,
      0.9064958442597448,
      0.910584914885106,
      0.9127294546424286,
      0.9153629050180008
    ],
    "val_accuracy": [
      0.502998800479808,
      0.5715713714514195,
      0.6204518192722911,
      0.6762295081967213,
      0.718312674930028,
      0.744202319072371,
      0.7448020791683326,
      0.7712914834066373,
      0.7612954818072771,
      0.8318672530987605,
      0.8234706117552979,
      0.8359656137544982,
      0.8296681327469012,
      0.8452618952419032,
      0.8796481407437026,
      0.8487604958016793,
      0.8833466613354658,
      0.8651539384246302,
      0.889344262295082,
      0.9090363854458217
    ]
  }
}
