{
  "timestamp": "2025-04-06T11:58:40.421518",
  "time_took": "4.0 min 20.385432243347168 sec",
  "metrics": {
    "train_loss": [
      1.332156627015634,
      0.9725326238708063,
      0.8205156055363741,
      0.715822887014259,
      0.6393896544521506,
      0.585644889284264,
      0.5456279926002026,
      0.5179642564193769,
      0.4882697652686726,
      0.4695256704633886,
      0.44860122014175763,
      0.43223935467275704,
      0.41820626028559427,
      0.40215517343445256,
      0.38928732919422065,
      0.3747363496910442,
      0.3646779768168926,
      0.3557487059045922,
      0.34422399510036816,
      0.3352631479501724
    ],
    "val_loss": [
      1.4505053162574768,
      1.3674522638320923,
      1.3785668849945067,
      1.213895606994629,
      1.1126042127609252,
      0.8415048897266388,
      0.8462477326393127,
      0.8203458309173584,
      0.7763404786586762,
      0.7296601831912994,
      0.6116426408290863,
      0.6192913115024566,
      0.7290073513984681,
      0.6617820382118225,
      0.6310488224029541,
      0.4922365605831146,
      0.5093021422624588,
      0.5194946080446243,
      0.49593378603458405,
      0.4757814735174179
    ],
    "train_accuracy": [
      0.5126116716298502,
      0.6598626605626917,
      0.7143761944975332,
      0.751811191608516,
      0.7788235032668118,
      0.7966798524378861,
      0.8089915107338104,
      0.8180252455664696,
      0.8282590337348327,
      0.8338259478199032,
      0.8411040490688475,
      0.848893284145962,
      0.8526267834125961,
      0.8592937463887284,
      0.8626605626916752,
      0.8676163385039335,
      0.8717943019689764,
      0.8747722120983155,
      0.8791057380328015,
      0.8813613938397262
    ],
    "val_accuracy": [
      0.476609356257497,
      0.5002998800479808,
      0.5159936025589764,
      0.5668732506997202,
      0.6093562574970012,
      0.695921631347461,
      0.7046181527389045,
      0.7260095961615354,
      0.726109556177529,
      0.7361055577768892,
      0.7782886845261895,
      0.7766893242702919,
      0.7335065973610556,
      0.7648940423830468,
      0.7784886045581767,
      0.8238704518192723,
      0.8165733706517393,
      0.810375849660136,
      0.8227708916433427,
      0.8335665733706518
    ]
  }
}
