{
  "timestamp": "2025-04-06T00:54:05.340314",
  "time_took": "4.0 min 59.62402534484863 sec",
  "metrics": {
    "train_loss": [
      1.048482800833881,
      0.6813583775338802,
      0.5566414732232012,
      0.48775677543810825,
      0.44042915755628864,
      0.40404542899605905,
      0.37130902584811504,
      0.3450036981270056,
      0.32671110867522657,
      0.3076385739259422,
      0.2946476576087827,
      0.2809437338305129,
      0.2677538409109481,
      0.25462483251679013,
      0.24433350360909986,
      0.23664354304359717,
      0.22774654926351187,
      0.2190749239049513,
      0.21378447730305858,
      0.20643955999350344
    ],
    "val_loss": [
      1.2264321016359934,
      0.9759131043772155,
      0.8629455679579626,
      0.5727390073522737,
      0.5025356340257428,
      0.49410161187377155,
      0.4237816507303262,
      0.3947019524212125,
      0.36731350214420994,
      0.3034189933840233,
      0.47061982864066015,
      0.38432176411151886,
      0.27543178728864165,
      0.2719334503517875,
      0.27433803488936603,
      0.22250315877078455,
      0.2778438537181178,
      0.2708360520721991,
      0.2685168010147312,
      0.24924539689776265
    ],
    "train_accuracy": [
      0.6237721676518957,
      0.7584559313747278,
      0.8016578514600649,
      0.8253922396550958,
      0.8436041601848971,
      0.8569158629272412,
      0.8687719454197964,
      0.8775390017334104,
      0.8842615227343438,
      0.8915174007733677,
      0.8963065025112227,
      0.9008178141250722,
      0.905040224009956,
      0.9111960531579182,
      0.9140850704475755,
      0.9161407173652162,
      0.9198186586070493,
      0.9232521445397573,
      0.9251966754077959,
      0.927218987510556
    ],
    "val_accuracy": [
      0.5476809276289484,
      0.65593762495002,
      0.7217113154738105,
      0.7880847660935626,
      0.8191723310675729,
      0.820171931227509,
      0.8446621351459416,
      0.8580567772890844,
      0.8650539784086365,
      0.8954418232706918,
      0.8260695721711315,
      0.8577568972411036,
      0.9076369452219112,
      0.899640143942423,
      0.9018392642942823,
      0.922530987604958,
      0.902139144342263,
      0.9029388244702119,
      0.9037385045981607,
      0.909936025589764
    ]
  }
}
