{
  "timestamp": "2025-04-06T16:32:23.499280",
  "time_took": "3.0 min 50.23746633529663 sec",
  "metrics": {
    "train_loss": [
      0.9739991091800736,
      0.5383368430297766,
      0.416359437257581,
      0.35197383726138803,
      0.30954226191131123,
      0.28285832125389077,
      0.25841400754858435,
      0.24368325941259333,
      0.2274904777299197,
      0.21443172054949092,
      0.20283564619915911,
      0.19511592775641518,
      0.18074815654657203,
      0.1793280851146221,
      0.16994107075236797
    ],
    "val_loss": [
      0.67456535966533,
      0.369929041167733,
      0.36100926435297465,
      0.3381683321515466,
      0.3488230257277276,
      0.21050467868899084,
      0.21713651980089535,
      0.1750737810448097,
      0.15539687492285564,
      0.1730476000648775,
      0.13805277513897724,
      0.15665753470484617,
      0.12943936094855238,
      0.16325974901011037,
      0.12487756109138014
    ],
    "train_accuracy": [
      0.6632517000755589,
      0.8153806835859372,
      0.8580825814480644,
      0.880339126183386,
      0.8937952797902129,
      0.9038623938841727,
      0.9114405084670429,
      0.9173741055158007,
      0.9220298679941331,
      0.9272078759055958,
      0.9310524912218321,
      0.9334081514733988,
      0.9383861504955776,
      0.9389195075336682,
      0.9422863238366149
    ],
    "val_accuracy": [
      0.7530987604958017,
      0.8689524190323871,
      0.8686525389844062,
      0.8767493002798881,
      0.8731507397041184,
      0.9289284286285486,
      0.9236305477808876,
      0.9385245901639344,
      0.9471211515393843,
      0.939124350259896,
      0.952718912435026,
      0.9460215913634547,
      0.9566173530587765,
      0.943922431027589,
      0.9586165533786486
    ]
  }
}
