{
  "timestamp": "2025-04-06T17:49:45.628987",
  "time_took": "3.0 min 54.22883939743042 sec",
  "metrics": {
    "train_loss": [
      1.5327423228044923,
      1.193593540933849,
      1.0662735894205897,
      0.9805215896658637,
      0.9200993377262595,
      0.8694044707002755,
      0.8312549922130764,
      0.7927703567023979,
      0.7676291699390845,
      0.748372658695324,
      0.7206531146272498,
      0.7040680978809931,
      0.6849580017403668,
      0.6668839562676354,
      0.6555418483780561
    ],
    "val_loss": [
      1.223327945751749,
      1.0412460546584645,
      1.0125311894021976,
      0.9021205962843196,
      0.7928284440830256,
      0.7501776292445553,
      0.7795310844281677,
      0.6631166244008738,
      0.6462247550107871,
      0.6407203702789963,
      0.6277090398369322,
      0.5716067611411878,
      0.6759181015051094,
      0.6050538637076214,
      0.5470241822634533
    ],
    "train_accuracy": [
      0.4312302769011956,
      0.5637139428419041,
      0.6114938441708521,
      0.6429174629983555,
      0.6671185386017157,
      0.6851637850571136,
      0.7020089781768079,
      0.7167207431441397,
      0.7239543979732432,
      0.7312658340370684,
      0.7416774078847949,
      0.7485110449353305,
      0.7532112538335037,
      0.7599671096493178,
      0.7651117827458999
    ],
    "val_accuracy": [
      0.5395841663334666,
      0.6094562175129948,
      0.6289484206317473,
      0.6541383446621352,
      0.704718112754898,
      0.7258096761295482,
      0.7117153138744502,
      0.7540983606557377,
      0.7682926829268293,
      0.7610955617752899,
      0.7736905237904838,
      0.7870851659336265,
      0.7520991603358657,
      0.7689924030387845,
      0.7999800079968012
    ]
  }
}
