{
  "timestamp": "2025-04-05T20:48:41.142456",
  "time_took": "5.0 min 4.340157985687256 sec",
  "metrics": {
    "train_loss": [
      0.9542743460359898,
      0.6016744061965834,
      0.49515970339151943,
      0.4288432979956269,
      0.3860466390509497,
      0.3499316718344661,
      0.3226170352453747,
      0.2997844872403551,
      0.2785933174362237,
      0.26070751857266505,
      0.2486060802105137,
      0.23248437138020314,
      0.2218872399429198,
      0.2111488375071944,
      0.20191995744508776,
      0.19170413640412418,
      0.18697289161553438,
      0.17839644894808193,
      0.16978856066072529,
      0.16348544785498895
    ],
    "val_loss": [
      1.302334124528909,
      0.9140877022018915,
      0.7701294799394245,
      0.6804094691819782,
      0.6475259608860258,
      0.4993150864220873,
      0.45752158685575556,
      0.4231745193276224,
      0.39619056786162943,
      0.5373756281937225,
      0.27038648328449155,
      0.2898534498637236,
      0.2955624847849713,
      0.3654183228559132,
      0.29138671616210216,
      0.29521116953861865,
      0.3520754189053668,
      0.19966523886858661,
      0.23432521041058288,
      0.1574536532257931
    ],
    "train_accuracy": [
      0.6636294946442064,
      0.78881283612605,
      0.8248699942219654,
      0.8481043601937864,
      0.8639383972621005,
      0.8760167118538602,
      0.8857949242188542,
      0.8942175207787013,
      0.9010844926441175,
      0.9077070092004089,
      0.912751677852349,
      0.9182630339126183,
      0.9206075825592248,
      0.9255966931863638,
      0.9286857193653051,
      0.9327747899906662,
      0.9347193208587048,
      0.9374194408640384,
      0.9406084714876217,
      0.9426641184052624
    ],
    "val_accuracy": [
      0.5444822071171531,
      0.6800279888044782,
      0.7250099960015993,
      0.7609956017592963,
      0.7823870451819273,
      0.8183726509396242,
      0.8343662534986006,
      0.845061975209916,
      0.8560575769692124,
      0.8179728108756498,
      0.9048380647740903,
      0.8989404238304678,
      0.8969412235105958,
      0.8644542183126749,
      0.8970411835265893,
      0.8990403838464615,
      0.8746501399440224,
      0.9311275489804078,
      0.9202319072371051,
      0.9481207516993203
    ]
  }
}
