{
  "timestamp": "2025-04-05T21:08:45.835469",
  "time_took": "5.0 min 0.7702028751373291 sec",
  "metrics": {
    "train_loss": [
      1.0411005153066732,
      0.6866791345687075,
      0.5618014529516752,
      0.4884244052862579,
      0.43957154981961305,
      0.3995489353017712,
      0.37134259795262053,
      0.34250385352325713,
      0.32193247142078524,
      0.3058910621541806,
      0.295844041170891,
      0.28098850094035943,
      0.26577244146557694,
      0.2547308930979026,
      0.24787901566279205,
      0.23734002012166788,
      0.2329799581890587,
      0.21984723883427001,
      0.21425827571444891,
      0.20828999252989888
    ],
    "val_loss": [
      1.435640037814273,
      0.8584271925914136,
      0.8755252753631978,
      0.5869624603398239,
      0.569053718183614,
      0.40181978028031845,
      0.5365147850935972,
      0.42954741663570645,
      0.4295680945432639,
      0.4436504535282714,
      0.508630202918113,
      0.371112471328506,
      0.4287864365909673,
      0.38085054502457005,
      0.32830121453049815,
      0.3000474409966529,
      0.475048444316357,
      0.31227597745159,
      0.26957115436656565,
      0.3118542992993246
    ],
    "train_accuracy": [
      0.627472332103649,
      0.7557780345793146,
      0.8007244766434064,
      0.8270034223743278,
      0.8434041512956132,
      0.8583270367571892,
      0.8692608560380461,
      0.8789835103782391,
      0.8852615671807635,
      0.8923952175652251,
      0.8956175830036891,
      0.9015067336326059,
      0.9064402862349438,
      0.9106738077247878,
      0.9133072581003601,
      0.9167740788479488,
      0.9184185963820615,
      0.9229854660207121,
      0.9247077647895462,
      0.9278079025734477
    ],
    "val_accuracy": [
      0.521891243502599,
      0.6964214314274291,
      0.7024190323870452,
      0.7789884046381448,
      0.7849860055977609,
      0.8633546581367453,
      0.7970811675329869,
      0.84656137544982,
      0.8459616153538585,
      0.8377648940423831,
      0.8129748100759696,
      0.8600559776089565,
      0.8500599760095962,
      0.8612554978008796,
      0.8871451419432227,
      0.8989404238304678,
      0.8404638144742104,
      0.890343862455018,
      0.9058376649340264,
      0.8892443022790884
    ]
  }
}
