{
  "timestamp": "2025-04-05T20:58:44.296129",
  "time_took": "5.0 min 0.7853763103485107 sec",
  "metrics": {
    "train_loss": [
      0.9768485627560453,
      0.6232269637879323,
      0.5108324648727748,
      0.44829939238049765,
      0.4032448276411742,
      0.36623306368181313,
      0.3397321526426822,
      0.31816057865084574,
      0.2948990648358383,
      0.27737915368793026,
      0.2660073214316402,
      0.2535341772652993,
      0.24107940700328487,
      0.23097092037046837,
      0.22099174485033887,
      0.2132427507842129,
      0.20700511979785832,
      0.1989027542824095,
      0.19237082804002884,
      0.18915897588753564
    ],
    "val_loss": [
      1.209290840203249,
      0.9385458645941336,
      0.8599480352824247,
      0.6979241488100607,
      0.7408731662774388,
      0.5217305214344701,
      0.4341224548937399,
      0.5291139291057104,
      0.3371841660406016,
      0.2847514503364322,
      0.31680751092071774,
      0.23495002826557884,
      0.5780714229692386,
      0.26594372791580007,
      0.3211948977241033,
      0.23226264062561566,
      0.27969106541404243,
      0.23226390043391457,
      0.19266723388735252,
      0.2034340460277811
    ],
    "train_accuracy": [
      0.6534512645006445,
      0.7798568825281124,
      0.8195808702609004,
      0.8405929152406774,
      0.8580381350282235,
      0.8703053469043068,
      0.880294679763545,
      0.8870727587892795,
      0.8955286901640073,
      0.9018400817814125,
      0.9059069291968532,
      0.9098182141428508,
      0.9151740077336771,
      0.9186741632961465,
      0.9224632205875817,
      0.9251966754077959,
      0.9265522912129428,
      0.9298302146762079,
      0.9325636694964221,
      0.9338081692519667
    ],
    "val_accuracy": [
      0.5829668132746901,
      0.6693322670931627,
      0.6983206717313075,
      0.7498000799680128,
      0.7289084366253499,
      0.8065773690523791,
      0.8416633346661335,
      0.8171731307477009,
      0.8875449820071971,
      0.9038384646141543,
      0.8929428228708517,
      0.9217313074770092,
      0.7960815673730508,
      0.9071371451419432,
      0.8895441823270692,
      0.9218312674930028,
      0.9062375049980008,
      0.9223310675729708,
      0.9359256297481008,
      0.9292283086765294
    ]
  }
}
