{
  "timestamp": "2025-04-05T20:43:36.801731",
  "time_took": "5.0 min 4.34476113319397 sec",
  "metrics": {
    "train_loss": [
      0.9114354304461316,
      0.5771277971481058,
      0.47878530401397834,
      0.4203925405374982,
      0.37786497810686176,
      0.343539924678308,
      0.31600930728018284,
      0.29544950816357,
      0.27771885083480313,
      0.257876941383901,
      0.2451277835485102,
      0.23298880116040396,
      0.22026184502862056,
      0.20780571911018342,
      0.19997189730532805,
      0.1879981163550507,
      0.1816599408947778,
      0.17473169149492274,
      0.16608868731418625,
      0.16046007930047132
    ],
    "val_loss": [
      1.4901908530464656,
      0.9595392286023007,
      0.6107061128073101,
      0.6399429289600517,
      0.44442787917354437,
      0.4406036964700192,
      0.5501293739940547,
      0.47283392465567287,
      0.38267702599869496,
      0.39287985804714737,
      0.3272328097609025,
      0.38532514153402064,
      0.27846782381021523,
      0.2868241530053223,
      0.2235412609916699,
      0.254790089175671,
      0.2866198831721197,
      0.25986340943771075,
      0.19853270883801616,
      0.2220744948032536
    ],
    "train_accuracy": [
      0.6814636206053603,
      0.7971576514511756,
      0.8297257655895818,
      0.8516267389661762,
      0.8656384728210142,
      0.8785612693897507,
      0.8887839459531535,
      0.8973398817725232,
      0.9021734299302191,
      0.9098848837726121,
      0.9129739099515534,
      0.9178296813191698,
      0.9221076492288546,
      0.9260967154095737,
      0.9292524112182764,
      0.9332859238188363,
      0.9358527045646473,
      0.9384861549402196,
      0.9413085026001156,
      0.9439086181608072
    ],
    "val_accuracy": [
      0.5292882846861255,
      0.6915233906437425,
      0.776389444222311,
      0.7691923230707717,
      0.8392642942822871,
      0.8388644542183127,
      0.8037784886045581,
      0.8235705717712914,
      0.8629548180727709,
      0.8592562974810076,
      0.8868452618952419,
      0.8634546181527389,
      0.9019392243102758,
      0.8985405837664934,
      0.9257297081167533,
      0.9105357856857257,
      0.9003398640543783,
      0.9091363454618153,
      0.9290283886445422,
      0.9237305077968813
    ]
  }
}
