{
  "timestamp": "2025-04-05T21:03:45.064713",
  "time_took": "5.0 min 0.7677075862884521 sec",
  "metrics": {
    "train_loss": [
      1.0221330871466885,
      0.6573852005160667,
      0.5317745777270333,
      0.4690414341589944,
      0.4237530184486373,
      0.38553626503033395,
      0.35652610644782806,
      0.3320243423592977,
      0.3157121666537767,
      0.2939025557769293,
      0.28397417409260844,
      0.26758092879952694,
      0.25819160926833074,
      0.24432941496541555,
      0.23459636319471014,
      0.22500682769300925,
      0.21863718824037773,
      0.21025234103118154,
      0.1996204718016088,
      0.1916330953985876
    ],
    "val_loss": [
      1.186578315270098,
      1.1436518181728412,
      0.7541013548645792,
      0.6174475294125231,
      0.589093209444722,
      0.6607939551902723,
      0.6682231837435614,
      0.5133969964860361,
      0.34929791036285934,
      0.34092357151116,
      0.3474692892801913,
      0.40770642063285734,
      0.4938691963877859,
      0.3834644652242902,
      0.3382436116284962,
      0.34814722685119776,
      0.3099148084845724,
      0.3404474096207679,
      0.2882880853323997,
      0.2650139660020418
    ],
    "train_accuracy": [
      0.6331503622383217,
      0.7692452997911018,
      0.8119805324681096,
      0.8330259122627672,
      0.8500600026667852,
      0.8628605715809592,
      0.874038846170941,
      0.8837059424863327,
      0.8887172763233921,
      0.8969843104137961,
      0.899495533134806,
      0.9054846882083648,
      0.9087070536468288,
      0.9144739766211831,
      0.9179185741588515,
      0.9209631539179519,
      0.9236299391084049,
      0.9249855549135517,
      0.9295746477621227,
      0.9327970132005867
    ],
    "val_accuracy": [
      0.5781687325069972,
      0.5955617752898841,
      0.7336065573770492,
      0.7747900839664135,
      0.7906837265093962,
      0.7679928028788484,
      0.7570971611355458,
      0.8147740903638545,
      0.875749700119952,
      0.8822471011595362,
      0.8769492203118753,
      0.8509596161535385,
      0.8183726509396242,
      0.8623550579768092,
      0.8758496601359457,
      0.8754498200719713,
      0.8911435425829668,
      0.8739504198320672,
      0.892842862854858,
      0.9036385445821671
    ]
  }
}
