{
  "timestamp": "2025-04-05T20:53:43.509989",
  "time_took": "5.0 min 2.366959810256958 sec",
  "metrics": {
    "train_loss": [
      0.9642388536594808,
      0.6046255235560238,
      0.4989770273254676,
      0.4367284073960036,
      0.3927341116888618,
      0.3592903418678113,
      0.3300014710985124,
      0.30881714236668567,
      0.2871733762069859,
      0.2716935461133041,
      0.2586116987513378,
      0.24416655917990615,
      0.23154037107120862,
      0.22224588953593577,
      0.2111998871286315,
      0.20396382012933661,
      0.19548608452632008,
      0.18574944577730176,
      0.1823713987938721,
      0.17338345834816044
    ],
    "val_loss": [
      1.388192468051669,
      1.1060303479810305,
      0.9406257762184626,
      0.7347329560714432,
      0.6034088662908047,
      0.48100283025186275,
      0.5302500468266161,
      0.6281092868575567,
      0.43488656455957436,
      0.47447261478327496,
      0.3179439821198017,
      0.37370316024068034,
      0.3177986205378665,
      0.40018396626544905,
      0.4041148561842834,
      0.286182215885271,
      0.21313275576015062,
      0.3038846171354946,
      0.24365487006268924,
      0.3842714904229852
    ],
    "train_accuracy": [
      0.6612627227876795,
      0.7871572069869772,
      0.8241255166896306,
      0.8456820303124584,
      0.8608604826881194,
      0.8728165696253167,
      0.8829725765589582,
      0.8903395706475843,
      0.8987066091826303,
      0.9041624072180986,
      0.9091515178452375,
      0.9138850615582915,
      0.9178185697142095,
      0.9204520200897818,
      0.9254744655318015,
      0.9282079203520156,
      0.9313302813458376,
      0.9346526512289435,
      0.9355749144406418,
      0.9391750744477533
    ],
    "val_accuracy": [
      0.5164934026389444,
      0.6037584966013595,
      0.6577369052379048,
      0.7270091963214714,
      0.7827868852459017,
      0.8261695321871252,
      0.8112754898040784,
      0.7689924030387845,
      0.8383646541383447,
      0.8290683726509396,
      0.8852459016393442,
      0.866953218712515,
      0.8853458616553379,
      0.8592562974810076,
      0.8396641343462615,
      0.9003398640543783,
      0.9257297081167533,
      0.8955417832866853,
      0.9092363054778089,
      0.8566573370651739
    ]
  }
}
