{
  "timestamp": "2025-04-06T13:42:22.247093",
  "time_took": "7.0 min 5.749353408813477 sec",
  "metrics": {
    "train_loss": [
      1.3767214448783884,
      0.8210475486279889,
      0.6620059288530187,
      0.5830133406614716,
      0.519691234073517,
      0.47180285929194227,
      0.42927782322195446,
      0.3961662953634831,
      0.3696799153589051,
      0.34408292157406156,
      0.3254772460045801,
      0.3069688420192423,
      0.29243277257774025,
      0.2782677519558506,
      0.27121553979602386,
      0.2567816209259697,
      0.2510703606636856,
      0.24398494890721684,
      0.23670744340316477,
      0.2285120835189115
    ],
    "val_loss": [
      2.813744976550718,
      2.3871163899385475,
      1.9947369174112248,
      1.5813979514037506,
      1.2103171567373638,
      1.348456764522987,
      0.7476943655859066,
      0.766692561439321,
      0.6586007464535629,
      0.6453148073787931,
      0.5917694576178925,
      0.6416083325313616,
      0.39528123713746854,
      0.33427489067934735,
      0.3232764448923401,
      0.4800344581090951,
      0.3745216548065596,
      0.37079077996785126,
      0.31738474021984053,
      0.2221705697571175
    ],
    "train_accuracy": [
      0.46602071203164586,
      0.6936197164318414,
      0.7621005378016801,
      0.7915574025512245,
      0.8165140672918796,
      0.8346037601671186,
      0.8509600426685631,
      0.8624716654073514,
      0.8720943153029024,
      0.880894706431397,
      0.8874949997777679,
      0.8931285834925997,
      0.8986288279479088,
      0.902573447708787,
      0.9069514200631139,
      0.9120183119249744,
      0.9142295213120584,
      0.917240766256278,
      0.9200297791012934,
      0.9229299079959109
    ],
    "val_accuracy": [
      0.24360255897640942,
      0.3511595361855258,
      0.4643142742902839,
      0.5418832467013195,
      0.6572371051579369,
      0.6424430227908836,
      0.75,
      0.7475009996001599,
      0.7832866853258696,
      0.7828868452618952,
      0.8170731707317073,
      0.7902838864454218,
      0.8622550979608157,
      0.8861455417832866,
      0.8891443422630948,
      0.835765693722511,
      0.8787485005997601,
      0.8641543382646941,
      0.8963414634146342,
      0.9241303478608557
    ]
  }
}
