{
  "timestamp": "2025-04-05T19:02:38.029468",
  "time_took": "5.0 min 7.42629861831665 sec",
  "metrics": {
    "train_loss": [
      1.2739408514039083,
      0.8564586160196499,
      0.6915552833710205,
      0.6039635859091174,
      0.5387232497080483,
      0.49507524868981406,
      0.4576631504618986,
      0.42599223704415967,
      0.4006590057926422,
      0.38104091391009703,
      0.3668343721761961,
      0.3511236778206446,
      0.3371357514988631,
      0.32557334568859503,
      0.3155204308727248,
      0.3030652250374921,
      0.29321372261355544,
      0.2845145260851661,
      0.2802830862876197,
      0.2702625457472591
    ],
    "val_loss": [
      1.4683386615560026,
      1.4389924731435655,
      1.0387753059592428,
      0.8215060837661163,
      0.5960188451447065,
      0.5686923616294619,
      0.46231479697589634,
      0.5281572836109355,
      0.43210622026950496,
      0.4886532105222533,
      0.3928562919550304,
      0.47150248628628405,
      0.3298971185201331,
      0.32667100052290327,
      0.3047666796777822,
      0.2867539049703864,
      0.26534427853324744,
      0.30119936205918274,
      0.3034533309408381,
      0.288255544214309
    ],
    "train_accuracy": [
      0.5295568691941864,
      0.6877639006178052,
      0.7506222498777724,
      0.7825236677185653,
      0.8059580425796702,
      0.8233921507622561,
      0.8358482599226632,
      0.848637717231877,
      0.8572825458909284,
      0.8630494688652829,
      0.869505311347171,
      0.8754055735810481,
      0.8817280768034135,
      0.8845393128583493,
      0.8885061558291479,
      0.8932174763322814,
      0.8961398284368194,
      0.8993399706653629,
      0.9014178407929241,
      0.9040179563536157
    ],
    "val_accuracy": [
      0.44392243102758894,
      0.44052379048380647,
      0.5927628948420631,
      0.6957217113154738,
      0.7782886845261895,
      0.7775889644142343,
      0.8203718512594962,
      0.8003798480607757,
      0.836765293882447,
      0.820171931227509,
      0.8548580567772891,
      0.8260695721711315,
      0.877249100359856,
      0.8856457417033187,
      0.8951419432227109,
      0.8967413034786086,
      0.9079368252698921,
      0.8871451419432227,
      0.8864454218312675,
      0.8943422630947621
    ]
  }
}
