{
  "timestamp": "2025-04-05T18:27:11.762754",
  "time_took": "4.0 min 58.22642636299133 sec",
  "metrics": {
    "train_loss": [
      0.7073851080865345,
      0.43066157055595383,
      0.3466798475816507,
      0.2912540622902187,
      0.259525204680606,
      0.23335476401685315,
      0.21083326093767854,
      0.19498876460023562,
      0.18083878045647658,
      0.16689255166883496,
      0.1566543279702521,
      0.14846411630490117,
      0.13977563739965923,
      0.1316396216173995,
      0.12528475631684574,
      0.11412150449839166,
      0.11061034963296895,
      0.10250302120006051,
      0.10086649536705491,
      0.0957316628112246
    ],
    "val_loss": [
      0.644812084828751,
      0.40602547118935406,
      0.5198203981677189,
      0.24988166601220263,
      0.3119549108079717,
      0.264591048978552,
      0.2913665630017655,
      0.19951228910609137,
      0.23277586698532104,
      0.28241331880039805,
      0.20927361969517755,
      0.1861174857314629,
      0.22163014076178586,
      0.24323915991979309,
      0.18810792804896076,
      0.11750937795525865,
      0.2218066313410107,
      0.2955305165127863,
      0.1534940051975884,
      0.27545188838922524
    ],
    "train_accuracy": [
      0.7599559980443575,
      0.8518823058802614,
      0.8800057780345794,
      0.9011178274589982,
      0.9108960398239921,
      0.9192853015689586,
      0.9276412284990444,
      0.933163696164274,
      0.9369860882705898,
      0.9421529845770923,
      0.9460420463131695,
      0.9489977332325881,
      0.9516867416329615,
      0.9545979821325392,
      0.9564202853460154,
      0.9602982354771323,
      0.9622205431352504,
      0.9651428952397885,
      0.9645095337570558,
      0.9675096670963154
    ],
    "val_accuracy": [
      0.7526989204318273,
      0.8592562974810076,
      0.8233706517393042,
      0.914734106357457,
      0.8937425029988004,
      0.9057377049180327,
      0.8975409836065574,
      0.9293282686925229,
      0.915733706517393,
      0.8965413834466214,
      0.9269292283086765,
      0.9325269892043183,
      0.9206317473010796,
      0.9164334266293482,
      0.9336265493802479,
      0.960515793682527,
      0.9275289884046382,
      0.9025389844062375,
      0.9477209116353459,
      0.9046381447421031
    ]
  }
}
