{
  "timestamp": "2025-04-05T18:57:30.602638",
  "time_took": "5.0 min 4.31351900100708 sec",
  "metrics": {
    "train_loss": [
      1.0394463203847408,
      0.667235278905454,
      0.5347456808032637,
      0.4680827249434184,
      0.4220634355125102,
      0.3908206536011262,
      0.3613766585053368,
      0.34226184111850505,
      0.317112257767638,
      0.30115424769676546,
      0.29020837285894563,
      0.27855292546816846,
      0.2630965678571639,
      0.25287703887178475,
      0.24351490157741038,
      0.23499594430904835,
      0.22713274580680512,
      0.21952035384972327,
      0.21115019487809727,
      0.20422309812751005
    ],
    "val_loss": [
      1.6789891765087466,
      1.1398488411420509,
      0.8733423593678052,
      0.7901445846014385,
      0.7356940553158144,
      0.5260977401763578,
      0.5628244537341444,
      0.5639652062820483,
      0.4625824791721151,
      0.3280801458072059,
      0.531071017814588,
      0.2577890708476682,
      0.27522621841370304,
      0.2553444621683676,
      0.31110838960997667,
      0.30923912438410744,
      0.3683197581315342,
      0.29539876402933385,
      0.23187518808283383,
      0.2051000916693784
    ],
    "train_accuracy": [
      0.627672340992933,
      0.7646339837326104,
      0.8107804791324059,
      0.8341592959687097,
      0.8512822792124094,
      0.8634939330636917,
      0.872883239255078,
      0.8790501800080004,
      0.8892950797813236,
      0.8942175207787013,
      0.8980732476998978,
      0.9018400817814125,
      0.9072958798168808,
      0.9119516422952131,
      0.915629583537046,
      0.917185208231477,
      0.9203742388550602,
      0.9224854437975021,
      0.9263411707186986,
      0.9275967820792035
    ],
    "val_accuracy": [
      0.43912435025989605,
      0.5957616953218713,
      0.7000199920031988,
      0.7078168732506998,
      0.7318072770891644,
      0.7990803678528589,
      0.78218712514994,
      0.7922830867652939,
      0.8301679328268693,
      0.880547780887645,
      0.8069772091163535,
      0.911735305877649,
      0.9045381847261096,
      0.9092363054778089,
      0.8917433026789284,
      0.8901439424230307,
      0.8631547381047581,
      0.8973410635745702,
      0.922530987604958,
      0.9334266293482607
    ]
  }
}
