{
  "timestamp": "2025-04-06T13:23:07.610271",
  "time_took": "6.0 min 57.80356407165527 sec",
  "metrics": {
    "train_loss": [
      1.0466013180769302,
      0.6392893681556664,
      0.5147650565274737,
      0.43611674374816095,
      0.381525478918444,
      0.3429447800683027,
      0.31517694975164806,
      0.28795784880639985,
      0.26947409145280043,
      0.25303650919390336,
      0.23765140314671127,
      0.220877488641153,
      0.21457338222006167,
      0.2043559277239679,
      0.1956662640441209,
      0.18811860417058182,
      0.18427794352597135,
      0.17465830719183115,
      0.17171368197622625,
      0.1645946009560827
    ],
    "val_loss": [
      1.7802732020993777,
      1.5061412280118918,
      0.9062525207483316,
      1.0346555053433286,
      0.7219750190837474,
      0.9892992618717725,
      0.4195847558447077,
      0.43799000601225263,
      0.4546046234384368,
      0.37779941758777524,
      0.3318214871083634,
      0.3237308418448967,
      0.3072672188282013,
      0.3898622148399112,
      0.26180104477496086,
      0.2176911608327793,
      0.2194967634881599,
      0.41636530055275445,
      0.2702941293769245,
      0.16683488989932627
    ],
    "train_accuracy": [
      0.6137828347926575,
      0.7713453931285835,
      0.8156584737099427,
      0.844004177963465,
      0.8649939997333215,
      0.8790501800080004,
      0.8894284190408462,
      0.897984354860216,
      0.904384639317303,
      0.9100404462420552,
      0.91632961464954,
      0.922785457131428,
      0.9253744610871595,
      0.9280412462776123,
      0.9313302813458376,
      0.9343081914751766,
      0.9359304857993689,
      0.9381305835814925,
      0.9395862038312814,
      0.942841904084626
    ],
    "val_accuracy": [
      0.3786485405837665,
      0.5131947221111556,
      0.7035185925629748,
      0.6711315473810476,
      0.7583966413434626,
      0.6839264294282287,
      0.8580567772890844,
      0.8507596961215513,
      0.8526589364254298,
      0.8714514194322271,
      0.8891443422630948,
      0.8899440223910435,
      0.8891443422630948,
      0.8741503398640543,
      0.9103358656537385,
      0.9243302678928429,
      0.9231307477009196,
      0.8628548580567773,
      0.9083366653338665,
      0.9442223110755698
    ]
  }
}
