{
  "timestamp": "2025-04-05T18:47:20.991433",
  "time_took": "5.0 min 4.204604625701904 sec",
  "metrics": {
    "train_loss": [
      1.0273387586189942,
      0.6716183363883332,
      0.5511177275753156,
      0.48329253744503314,
      0.44165674334561283,
      0.40946379490196705,
      0.3776220136364414,
      0.35548943031409924,
      0.33377245676026424,
      0.3148415570189668,
      0.30409558572467754,
      0.2890911395873197,
      0.27534961772405286,
      0.2638666356850246,
      0.25256850775754586,
      0.24355620493985375,
      0.2353396788239479,
      0.2269113741243597,
      0.22037224160422655,
      0.2129220009612089
    ],
    "val_loss": [
      1.1173712264133404,
      1.1142865962620023,
      0.807406722744809,
      0.6201056321210499,
      0.7640302128429655,
      0.5252340028557596,
      0.641493688655805,
      0.46789850615247897,
      0.48893633786636065,
      0.4726129396806789,
      0.43860941880111454,
      0.6048236142230939,
      0.40892948832692977,
      0.3149492482218561,
      0.27494753576532194,
      0.3110527554644814,
      0.25961054578612125,
      0.30450108345550825,
      0.28112065075319026,
      0.21407562409397923
    ],
    "train_accuracy": [
      0.6328836837192764,
      0.7644450864482866,
      0.8064469531979199,
      0.8296479843548602,
      0.8450264456198053,
      0.8565380683585937,
      0.8661496066491844,
      0.8749166629627984,
      0.8815502911240499,
      0.8888506155829148,
      0.8924618871949864,
      0.8973176585626028,
      0.9018623049913329,
      0.9076514511756079,
      0.9107293657495888,
      0.913962842793013,
      0.9175963376150051,
      0.9195853149028845,
      0.9226410062669452,
      0.9247077647895462
    ],
    "val_accuracy": [
      0.5609756097560976,
      0.6213514594162335,
      0.7073170731707317,
      0.7787884846061576,
      0.7293082766893243,
      0.8059776089564175,
      0.7710915633746501,
      0.8284686125549781,
      0.8170731707317073,
      0.8226709316273491,
      0.8381647341063575,
      0.7675929628148741,
      0.8455617752898841,
      0.892842862854858,
      0.9033386645341863,
      0.8889444222311076,
      0.9101359456217513,
      0.8878448620551779,
      0.9057377049180327,
      0.9256297481007597
    ]
  }
}
