{
  "timestamp": "2025-04-05T18:52:26.288581",
  "time_took": "5.0 min 5.296615362167358 sec",
  "metrics": {
    "train_loss": [
      0.915903174911033,
      0.6753040437417274,
      0.5884746111590754,
      0.5309844134290788,
      0.4859417825937271,
      0.4527857720597901,
      0.4250983237288892,
      0.40258027795194223,
      0.38155344915999606,
      0.36221270984970033,
      0.3444044842511754,
      0.3273186593062498,
      0.3130247450899333,
      0.2987780774604868,
      0.2893659781918607,
      0.2783402838236229,
      0.2657299786276946,
      0.25870684892023826,
      0.24459348341704093,
      0.23935296267948367
    ],
    "val_loss": [
      0.6848444561415081,
      0.5750123986715003,
      0.5460693047770971,
      0.49111631512641907,
      0.4286364973345889,
      0.4130582941483848,
      0.39071405160276196,
      0.38257215822799295,
      0.4518856260972687,
      0.3893263653109345,
      0.3699538454979281,
      0.34528568387031555,
      0.35676484168330325,
      0.3503679006914549,
      0.2794033236141446,
      0.27602867612355875,
      0.3281110070551498,
      0.2778590217798571,
      0.30796519959274726,
      0.28795387718496446
    ],
    "train_accuracy": [
      0.6813080581359171,
      0.764867327436775,
      0.7936130494688652,
      0.8136139383972621,
      0.8299591092937464,
      0.8397928796835414,
      0.8500266678519045,
      0.8590048446597627,
      0.8667051868971954,
      0.873638828392373,
      0.8794724209964887,
      0.8841615182897018,
      0.8893617494110849,
      0.8966398506600294,
      0.8988510600471132,
      0.9032401440064003,
      0.9078070136450509,
      0.9092737454998,
      0.9142184097070981,
      0.9167851904529091
    ],
    "val_accuracy": [
      0.7688924430227909,
      0.8094762095161935,
      0.8114754098360656,
      0.8169732107157137,
      0.8536585365853658,
      0.8578568572570971,
      0.8660535785685726,
      0.8690523790483806,
      0.8278688524590164,
      0.8536585365853658,
      0.8654538184726109,
      0.8809476209516194,
      0.8745501799280287,
      0.8824470211915234,
      0.905437824870052,
      0.8993402638944422,
      0.8855457816873251,
      0.9028388644542183,
      0.8937425029988004,
      0.9019392243102758
    ]
  }
}
