{
  "timestamp": "2025-04-06T13:30:42.244088",
  "time_took": "7.0 min 0.05845355987548828 sec",
  "metrics": {
    "train_loss": [
      1.2811785782264038,
      0.7484129014086317,
      0.5990940425544977,
      0.5172925853085789,
      0.45465772436000407,
      0.4076215939130634,
      0.37147881801832805,
      0.3426436245314438,
      0.3199961010197347,
      0.3033778987486254,
      0.2824272479523312,
      0.2718096171950244,
      0.258215378631245,
      0.24892756406387145,
      0.23976930358912796,
      0.23106449062470347,
      0.22251663470259783,
      0.21862948844632643,
      0.21219291149596262,
      0.20887305671137504
    ],
    "val_loss": [
      2.409390787535076,
      1.9701401991180227,
      1.3782019434095938,
      1.3453382932687108,
      0.9947434067726135,
      0.6494669276702253,
      0.48482031271427495,
      0.4670761929282659,
      0.36224185477329207,
      0.3529933008212077,
      0.3393476724247389,
      0.2520534154735034,
      0.31881293031988267,
      0.3314889641124991,
      0.24728060872117175,
      0.2348241053427322,
      0.21205506153121778,
      0.2525315373381482,
      0.2513402846606472,
      0.227497310200824
    ],
    "train_accuracy": [
      0.515022889906218,
      0.7314769545313125,
      0.7848348815502911,
      0.8148251033379261,
      0.8384261522734344,
      0.8573936619405307,
      0.868194141961865,
      0.881094715320681,
      0.8884505978043469,
      0.8937841681852526,
      0.9016956309169296,
      0.9061736077158985,
      0.9091070714253967,
      0.9128072358771501,
      0.9162740566247389,
      0.9200186674963332,
      0.9222743233032579,
      0.9246855415796258,
      0.9274967776345615,
      0.9281301391172941
    ],
    "val_accuracy": [
      0.28458616553378646,
      0.3914434226309476,
      0.523390643742503,
      0.565373850459816,
      0.678328668532587,
      0.7676929228308677,
      0.82796881247501,
      0.845061975209916,
      0.8785485805677729,
      0.8802479008396641,
      0.8868452618952419,
      0.9167333066773291,
      0.8930427828868452,
      0.8927429028388645,
      0.9150339864054379,
      0.9198320671731307,
      0.926829268292683,
      0.9114354258296681,
      0.9150339864054379,
      0.9279288284686126
    ]
  }
}
