{
  "timestamp": "2025-04-05T18:42:16.786057",
  "time_took": "5.0 min 3.7219173908233643 sec",
  "metrics": {
    "train_loss": [
      0.9565448206426068,
      0.5967439974404194,
      0.4913639733779498,
      0.42619652307423,
      0.3795963461214507,
      0.34834211152470246,
      0.3192379926331341,
      0.29706128007224336,
      0.28111871949989686,
      0.2642392198428173,
      0.2510645408289168,
      0.23595176891169764,
      0.22620894470971756,
      0.22097771662414412,
      0.2070388712242923,
      0.2003232655432922,
      0.1947358305121518,
      0.18690645184621893,
      0.17930599642303688,
      0.17380064036908813
    ],
    "val_loss": [
      1.024153301987467,
      0.6629934333547761,
      0.6605218520647362,
      0.43070453028135663,
      0.44534360872039314,
      0.37743204002138936,
      0.4789714896226231,
      0.2852732565584062,
      0.2772520503288583,
      0.3519143514995334,
      0.2744869116363646,
      0.21281762656909,
      0.2590122769905042,
      0.22597722407383256,
      0.24799745199801046,
      0.2372069313556333,
      0.24979220505190802,
      0.22708819174691092,
      0.1921826204921626,
      0.20588113056330742
    ],
    "train_accuracy": [
      0.6594515311791636,
      0.7897128761278279,
      0.8260144895328682,
      0.848737721676519,
      0.8653384594870883,
      0.87852793457487,
      0.8876616738521712,
      0.8961398284368194,
      0.9018400817814125,
      0.9073403262367217,
      0.9123183252589004,
      0.9165962931685853,
      0.9212187208320369,
      0.9234965998488822,
      0.9274301080048002,
      0.9287968354149073,
      0.9315747366549625,
      0.9352749011067159,
      0.9374638872838793,
      0.9392417440775146
    ],
    "val_accuracy": [
      0.6127548980407836,
      0.7484006397441023,
      0.7448020791683326,
      0.8471611355457817,
      0.8444622151139545,
      0.8645541783286685,
      0.8183726509396242,
      0.9003398640543783,
      0.9075369852059176,
      0.8744502199120352,
      0.9027389044382247,
      0.9254298280687725,
      0.9067373050779688,
      0.9227309076369452,
      0.9148340663734507,
      0.9149340263894442,
      0.9140343862455018,
      0.9207317073170732,
      0.9309276289484206,
      0.9293282686925229
    ]
  }
}
