{
  "timestamp": "2025-04-05T18:22:13.535696",
  "time_took": "4.0 min 59.30666637420654 sec",
  "metrics": {
    "train_loss": [
      0.6101931609975343,
      0.3538122510071844,
      0.26852379694835027,
      0.22146883587860924,
      0.192132613314739,
      0.16567305076486347,
      0.14503202476771548,
      0.12559666969305414,
      0.1115097895539789,
      0.10008433826574632,
      0.09158550238035704,
      0.08170589688498611,
      0.07364200427863662,
      0.0651976227236446,
      0.05727873631192117,
      0.05710277381810804,
      0.05447656672591124,
      0.0430215642131357,
      0.04355510353343561,
      0.041511321387423035
    ],
    "val_loss": [
      0.4388045329081861,
      0.30451405236992657,
      0.31021792092655276,
      0.36302528879310514,
      0.27586075229735313,
      0.5671585654910607,
      0.2782653643737865,
      0.38582580734657335,
      0.17132554472058634,
      0.2182758441077003,
      0.2943372741530213,
      0.3856638202184363,
      0.2053375875082197,
      0.19988245135055313,
      0.32892938071413885,
      0.46763891547541075,
      0.24874089903469326,
      0.3109060100550893,
      0.24687968326520315,
      0.4615631375131728
    ],
    "train_accuracy": [
      0.7953020134228188,
      0.882205875816703,
      0.9092292990799591,
      0.9261967198542157,
      0.9351415618471932,
      0.9444864216187386,
      0.9516867416329615,
      0.9578536823858839,
      0.9624649984443753,
      0.9671429841326281,
      0.9698764389528424,
      0.973643273034357,
      0.9759544868660829,
      0.9790435130450242,
      0.9821103160140451,
      0.9819991999644428,
      0.9820325347793235,
      0.9865216231832525,
      0.9863882839237299,
      0.9872772123205475
    ],
    "val_accuracy": [
      0.8431627349060375,
      0.8968412634946021,
      0.8905437824870052,
      0.8735505797680928,
      0.9078368652538984,
      0.8340663734506197,
      0.8989404238304678,
      0.875249900039984,
      0.9429228308676529,
      0.9275289884046382,
      0.9103358656537385,
      0.8728508596561375,
      0.9309276289484206,
      0.9355257896841264,
      0.8941423430627748,
      0.8792483006797281,
      0.9253298680527788,
      0.9125349860055978,
      0.9231307477009196,
      0.8634546181527389
    ]
  }
}
