{
  "timestamp": "2025-04-05T18:32:12.531553",
  "time_took": "5.0 min 0.7680068016052246 sec",
  "metrics": {
    "train_loss": [
      0.7950647667219694,
      0.4804308945313096,
      0.39105582603422756,
      0.3365275635892017,
      0.29899906064383686,
      0.2700482707851651,
      0.2510837373662401,
      0.23061032589016991,
      0.21491893094075334,
      0.20091939125929706,
      0.1871956345540556,
      0.17840225758581338,
      0.17152117875362324,
      0.16105147295589137,
      0.1520083031659438,
      0.1469907623832114,
      0.14176993611776692,
      0.13582710093628106,
      0.12961730343522504,
      0.12277812608094378
    ],
    "val_loss": [
      1.0451765083059479,
      0.7596653918676739,
      0.7580631220642524,
      0.4637377458282664,
      0.5726182155216797,
      0.3829724185074432,
      0.5255386320096028,
      0.2632446123074882,
      0.27788261295873906,
      0.35787347883363313,
      0.28983213177210165,
      0.40205298024642316,
      0.216592147474802,
      0.1701915488590168,
      0.357489271820346,
      0.17830837093576601,
      0.33675922962683663,
      0.1475649959395958,
      0.1807703337148775,
      0.16296635700177542
    ],
    "train_accuracy": [
      0.7283657051424508,
      0.8342370772034312,
      0.8658718165251789,
      0.8821725410018223,
      0.8946286501622295,
      0.906351393395262,
      0.9134739321747634,
      0.9197631005822481,
      0.9249744433085915,
      0.9301080048002134,
      0.9355749144406418,
      0.93850837815014,
      0.9399528867949687,
      0.9434752655673585,
      0.9462753900173341,
      0.9485310458242588,
      0.950353349037735,
      0.9530312458331481,
      0.9543424152184542,
      0.9573092137428331
    ],
    "val_accuracy": [
      0.6166533386645342,
      0.6971211515393843,
      0.7137145141943223,
      0.8256697321071571,
      0.7739904038384646,
      0.8624550179928029,
      0.8043782487005198,
      0.9101359456217513,
      0.9018392642942823,
      0.8699520191923231,
      0.8997401039584166,
      0.8559576169532187,
      0.9272291083566573,
      0.9415233906437425,
      0.8836465413834467,
      0.9358256697321071,
      0.8832467013194722,
      0.9500199920031988,
      0.9351259496201519,
      0.945921631347461
    ]
  }
}
