{
  "timestamp": "2025-04-05T18:37:13.063534",
  "time_took": "5.0 min 0.5314624309539795 sec",
  "metrics": {
    "train_loss": [
      0.8726229608397592,
      0.5365283159877766,
      0.4437263372184878,
      0.3880883602171459,
      0.34730822315693577,
      0.3166999200951647,
      0.29159308853559196,
      0.27081787352323194,
      0.25813299033325166,
      0.24047042555387385,
      0.2248080165485259,
      0.21334944656965407,
      0.20241701580711047,
      0.18980989005120302,
      0.18527278028936547,
      0.1799524777187881,
      0.1709379946749488,
      0.1622325016968799,
      0.15803216488777913,
      0.15236526454100385
    ],
    "val_loss": [
      1.0163383559335637,
      0.7511249795744691,
      0.8875343399711803,
      0.4800225767908217,
      0.6884743824035306,
      0.35856423385535613,
      0.6330089006997361,
      0.3592695876767364,
      0.36288760998581027,
      0.3374635043400752,
      0.318264515528196,
      0.3322447015892101,
      0.2669273513027384,
      0.32496457424344893,
      0.2973534584611277,
      0.19009215922295292,
      0.2785555216707761,
      0.2523117885936665,
      0.18138141854654385,
      0.2128760288410549
    ],
    "train_accuracy": [
      0.6932641450731144,
      0.813258367038535,
      0.8455709142628561,
      0.864260633805947,
      0.8783057024756656,
      0.8890284012622783,
      0.8972843237477222,
      0.9043624161073825,
      0.910129339081737,
      0.9159740432908129,
      0.9213076136717188,
      0.9259522645450909,
      0.9292746344281968,
      0.9337303880172452,
      0.9350637806124716,
      0.9370194230854705,
      0.9404084625983377,
      0.9435641584070403,
      0.9452420107560336,
      0.9474198853282368
    ],
    "val_accuracy": [
      0.6604358256697321,
      0.7234106357457017,
      0.6978208716513394,
      0.8276689324270292,
      0.7553978408636546,
      0.8753498600559776,
      0.7682926829268293,
      0.8692522990803678,
      0.8761495401839264,
      0.8837465013994402,
      0.8879448220711715,
      0.8782487005197921,
      0.9073370651739304,
      0.8802479008396641,
      0.8948420631747301,
      0.9337265093962415,
      0.902139144342263,
      0.9090363854458217,
      0.9387245101959216,
      0.9234306277489004
    ]
  }
}
