{
  "timestamp": "2025-04-05T21:15:01.556420",
  "time_took": "3.0 min 45.449525594711304 sec",
  "metrics": {
    "train_loss": [
      1.0450414734130555,
      0.6669603043913164,
      0.5478315178558908,
      0.4798313687259162,
      0.42927917799997056,
      0.39380318618548865,
      0.363943725168197,
      0.33956596473316575,
      0.31934917415492237,
      0.305012479445643,
      0.2883628403598612,
      0.27613379926928744,
      0.26392286721701647,
      0.25391513437286695,
      0.24123960826545954
    ],
    "val_loss": [
      1.4628295506103128,
      1.0108792774284943,
      0.8215690707858605,
      0.8384558965888205,
      0.557511688787726,
      0.5283191800117493,
      0.4587953101985062,
      0.4030617173713974,
      0.3302509058502656,
      0.46175412814828415,
      0.366008863984784,
      0.32934806278989287,
      0.2959149345944199,
      0.3841368218388739,
      0.383792014627517
    ],
    "train_accuracy": [
      0.6243277478999066,
      0.765822925463354,
      0.8055246899862216,
      0.8284368194141962,
      0.8476376727854571,
      0.8613049468865283,
      0.8706609182630339,
      0.8800946708742611,
      0.8876283390372905,
      0.8937063869505312,
      0.8983065914040624,
      0.9032179207964799,
      0.9060180452464554,
      0.9109515978487933,
      0.91531845859816
    ],
    "val_accuracy": [
      0.5066973210715714,
      0.6533386645341863,
      0.70671731307477,
      0.7078168732506998,
      0.7867852858856458,
      0.806077568972411,
      0.8277688924430228,
      0.8461615353858457,
      0.8821471411435425,
      0.8399640143942423,
      0.8717512994802079,
      0.8904438224710116,
      0.8975409836065574,
      0.8577568972411036,
      0.8584566173530588
    ]
  }
}
