{
  "timestamp": "2025-04-05T21:20:02.015705",
  "time_took": "5.0 min 0.4588160514831543 sec",
  "metrics": {
    "train_loss": [
      1.0430336398157207,
      0.6773158666593108,
      0.5523006981662051,
      0.4766036453656852,
      0.4305034773424268,
      0.39516118554059754,
      0.37038712023588066,
      0.3427430078260262,
      0.32353597532280465,
      0.30613421195779333,
      0.28940722727301443,
      0.2779166979757561,
      0.2629256247204136,
      0.25311733020300214,
      0.24174454855859617,
      0.2352867637951435,
      0.2260532593672079,
      0.21959477192087268,
      0.21078467338388276,
      0.2033284797481346
    ],
    "val_loss": [
      1.4776768729656558,
      1.1269552164439913,
      0.9722538786598399,
      0.6492394374895699,
      0.5408368838738792,
      0.5855850064301793,
      0.464325457434111,
      0.4846752074700368,
      0.4954074519344523,
      0.37500440036948723,
      0.2983956408651569,
      0.5701760853393169,
      0.36958695929261703,
      0.3215799458041976,
      0.2709169144494624,
      0.45868726659424697,
      0.41198805729045146,
      0.33979239343087886,
      0.25831476740444764,
      0.2507354568077039
    ],
    "train_accuracy": [
      0.6221720965376238,
      0.7599337748344371,
      0.805546913196142,
      0.8322258767056313,
      0.849093293035246,
      0.8620049779990222,
      0.8683497044313081,
      0.8793501933419263,
      0.885639361749411,
      0.8918285257122539,
      0.8981954753544602,
      0.9020400906706965,
      0.9063625050002222,
      0.9106404729099071,
      0.9150517800791146,
      0.9164629539090626,
      0.921318725276679,
      0.9232188097248767,
      0.926107827014534,
      0.9286412729454643
    ],
    "val_accuracy": [
      0.499500199920032,
      0.5971611355457817,
      0.6546381447421031,
      0.7690923630547781,
      0.7989804078368653,
      0.7780887644942023,
      0.8319672131147541,
      0.823170731707317,
      0.8193722510995601,
      0.8626549380247901,
      0.9002399040383846,
      0.8095761695321871,
      0.8595561775289884,
      0.8871451419432227,
      0.9073370651739304,
      0.8260695721711315,
      0.8486605357856857,
      0.8755497800879648,
      0.9106357457017193,
      0.9115353858456617
    ]
  }
}
