{
  "timestamp": "2025-04-05T21:11:16.106402",
  "time_took": "2.0 min 30.27012276649475 sec",
  "metrics": {
    "train_loss": [
      1.0376173848794266,
      0.678559058176523,
      0.5521306111053987,
      0.4832034720615907,
      0.43363638975742186,
      0.3968550282403488,
      0.3678589141504331,
      0.34187381536784495,
      0.3212991331873292,
      0.30521812169304624
    ],
    "val_loss": [
      1.2277832483943505,
      0.8860556468178954,
      0.7318567792071572,
      0.5651272135444835,
      0.5919161514390873,
      0.35081410615504544,
      0.5587903102741966,
      0.40328983151459996,
      0.42413460963134525,
      0.385647283701957
    ],
    "train_accuracy": [
      0.6295279790212899,
      0.7597226543401929,
      0.8047468776390062,
      0.8297035423796613,
      0.8465820703142362,
      0.8603049024401085,
      0.8706831414729543,
      0.8799168851948975,
      0.8880394684208187,
      0.8921618738610605
    ],
    "val_accuracy": [
      0.5284886045581767,
      0.6754298280687725,
      0.7330067972810875,
      0.7981807277089165,
      0.7827868852459017,
      0.8816473410635746,
      0.8016793282686925,
      0.8485605757696921,
      0.8497600959616154,
      0.8645541783286685
    ]
  }
}
