{
  "timestamp": "2025-04-05T21:26:19.069447",
  "time_took": "6.0 min 17.053178310394287 sec",
  "metrics": {
    "train_loss": [
      1.0542126084593209,
      0.6854824363254011,
      0.565485688095743,
      0.49813330766152253,
      0.45220030966976826,
      0.41372829709540715,
      0.3813910912722349,
      0.36080237166871404,
      0.33897394841452216,
      0.31885957006703725,
      0.3044292057060044,
      0.2871063217224384,
      0.27273039739917626,
      0.2582521737574346,
      0.24891273728148502,
      0.24081407753031023,
      0.22770488586022772,
      0.22141117116817358,
      0.21444057776931336,
      0.20725098639112813,
      0.20003535080997442,
      0.1928775466830385,
      0.18335753920308145,
      0.1849778455533934,
      0.17726930823515763
    ],
    "val_loss": [
      1.3444389557536645,
      1.0043404947353314,
      0.7662233604660517,
      0.5974924009812029,
      0.5054177619233916,
      0.6454970889453646,
      0.4802276126191586,
      0.4008517174781123,
      0.4253912420966957,
      0.4402631015717229,
      0.36821431808079347,
      0.39025093200086036,
      0.363361862264102,
      0.27765521954132033,
      0.36624417689782157,
      0.28600772800324836,
      0.3130889725458773,
      0.3136266258698476,
      0.17775789723743365,
      0.27597568834884256,
      0.21658639902178245,
      0.28727767946599403,
      0.3511162996292114,
      0.3282007639166675,
      0.20504468132423448
    ],
    "train_accuracy": [
      0.6218276367838571,
      0.7586892750788924,
      0.7975576692297436,
      0.822225432241433,
      0.8379705764700653,
      0.8531156940308459,
      0.8651495622027646,
      0.8725165562913907,
      0.8804280190230677,
      0.8873616605182453,
      0.8925174452197876,
      0.8989288412818347,
      0.9035623805502466,
      0.9091070714253967,
      0.9114182852571225,
      0.9143961953864617,
      0.9195964265078448,
      0.9217520778701276,
      0.9242744121960976,
      0.9274078847948798,
      0.9293524156629184,
      0.932052535668252,
      0.9360638250588915,
      0.9352526778967954,
      0.937552780123561
    ],
    "val_accuracy": [
      0.5236905237904838,
      0.6390443822471011,
      0.7426029588164734,
      0.7774890043982408,
      0.8137744902039185,
      0.7716913234706118,
      0.8200719712115154,
      0.8519592163134746,
      0.8418632546981207,
      0.8377648940423831,
      0.866453418632547,
      0.8622550979608157,
      0.8693522590963615,
      0.9081367453018793,
      0.8704518192722911,
      0.8964414234306277,
      0.8889444222311076,
      0.8876449420231908,
      0.9426229508196722,
      0.8985405837664934,
      0.9237305077968813,
      0.8941423430627748,
      0.8668532586965214,
      0.8785485805677729,
      0.9270291883246702
    ]
  }
}
