{
  "timestamp": "2025-04-06T21:06:05.867441",
  "time_took": "4.0 min 57.80599665641785 sec",
  "metrics": {
    "train_loss": [
      0.9129262186329941,
      0.5943661774980441,
      0.47392449738809406,
      0.4066516288893527,
      0.3604574887021724,
      0.32541859829305037,
      0.3027041678035806,
      0.277693918654864,
      0.2658769299381787,
      0.25018986180647174,
      0.24157857082299478,
      0.22557955691004897,
      0.21716755056151854,
      0.21153529885384245,
      0.2056850322551689
    ],
    "val_loss": [
      0.7666013406488461,
      0.5900292587451661,
      0.38160721929119035,
      0.3403756458300371,
      0.263018304523759,
      0.3360863495320558,
      0.19542165579030307,
      0.1932663490977912,
      0.2252694864909108,
      0.2079516238512132,
      0.2739016795739198,
      0.3258440857544875,
      0.15684930612437262,
      0.18576792195534553,
      0.1367883061567625
    ],
    "train_accuracy": [
      0.6643406373616605,
      0.7842793013022801,
      0.8297479887995022,
      0.8559602649006622,
      0.872527667896351,
      0.8850171118716388,
      0.8928285701586737,
      0.9026178941286279,
      0.9065625138895061,
      0.9124072180985822,
      0.9168407484777101,
      0.9207298102137873,
      0.924141072936575,
      0.9260411573847727,
      0.9296968754166852
    ],
    "val_accuracy": [
      0.7101159536185526,
      0.7626949220311875,
      0.8676529388244703,
      0.8791483406637345,
      0.9032387045181928,
      0.875749700119952,
      0.9320271891243502,
      0.9334266293482607,
      0.9186325469812076,
      0.933326669332267,
      0.9024390243902439,
      0.8904438224710116,
      0.9471211515393843,
      0.9352259096361455,
      0.9535185925629748
    ]
  }
}
