{
  "timestamp": "2025-04-05T18:17:14.228394",
  "time_took": "13.0 min 4.833788156509399 sec",
  "metrics": {
    "train_loss": [
      0.9867399527945302,
      0.7154689548029141,
      0.6159822144968943,
      0.557592885018411,
      0.5062924758531153,
      0.4624811267395588,
      0.43055023574693635,
      0.40247768066315487,
      0.3794468733566729,
      0.3548054912296886,
      0.34127655621110037,
      0.326379277235405,
      0.30849992121908476,
      0.29655856951351534,
      0.2832569475074045,
      0.27508815276351845,
      0.2629182384645736,
      0.25262165895070543,
      0.24647548966194419,
      0.2374522106362168
    ],
    "val_loss": [
      0.9545608834375309,
      0.9244188666343689,
      0.730254326440111,
      0.5341648217997973,
      0.49775916451140295,
      0.6618007689337188,
      1.4072360177583332,
      0.8384854461573348,
      0.8258623775047592,
      0.7839930751655675,
      0.5450339770015282,
      1.2448221279096,
      0.5722936206980597,
      0.6770726898802987,
      1.1468234469618979,
      0.6259834996507138,
      1.3005722127383268,
      0.6810165145729161,
      0.7493742330919339,
      0.4139666877969911
    ],
    "train_accuracy": [
      0.6406840304013511,
      0.7422329881328059,
      0.7760678252366772,
      0.7982465887372772,
      0.8175696697631006,
      0.833114805102449,
      0.8444264189519535,
      0.8560713809502645,
      0.8644273078803503,
      0.8743055246899862,
      0.8784723765500689,
      0.8840392906351393,
      0.89112849459976,
      0.8959064847326548,
      0.8994288635050447,
      0.9022623227699009,
      0.9070180896928752,
      0.9109515978487933,
      0.9133850393350815,
      0.9161407173652162
    ],
    "val_accuracy": [
      0.6349460215913635,
      0.672530987604958,
      0.7420031987205118,
      0.7993802479008396,
      0.8161735305877649,
      0.757297081167533,
      0.554078368652539,
      0.7333066773290684,
      0.7144142343062775,
      0.7341063574570172,
      0.8083766493402639,
      0.6767293082766893,
      0.8000799680127949,
      0.7842862854858057,
      0.6655337864854058,
      0.7936825269892043,
      0.6624350259896041,
      0.7975809676129548,
      0.7810875649740104,
      0.8514594162335066
    ]
  }
}
