{
  "timestamp": "2025-04-05T17:42:44.539625",
  "time_took": "4.0 min 36.188854694366455 sec",
  "metrics": {
    "train_loss": [
      1.06916140680286,
      0.7249667884104631,
      0.5836020445620472,
      0.5044704425487329,
      0.45269286789169366,
      0.41109319954094564,
      0.38155497166074137,
      0.3551094109742818,
      0.33555099461227655,
      0.31881381619975646,
      0.3050204004923051,
      0.2915388899431987,
      0.2801583533132957,
      0.2719130433079871,
      0.2614049246767536,
      0.2522664508803494,
      0.24519956956448202,
      0.23802056230223653,
      0.23172110300087792,
      0.2222760024649853
    ],
    "val_loss": [
      2.1700690335865263,
      1.27489059182662,
      1.0190911519376538,
      0.9028271361242367,
      0.7028798804252963,
      0.6506648365455338,
      0.6745268136640138,
      0.6428151568279991,
      0.5619515437114088,
      0.43993947853015947,
      0.5237432895581934,
      0.45531540090524697,
      0.4130819617192956,
      0.46692530414726163,
      0.40685564581351946,
      0.4301210374017305,
      0.4731769746617426,
      0.40171864760827414,
      0.34523916885822636,
      0.40133267358134067
    ],
    "train_accuracy": [
      0.6166274056624739,
      0.7436330503577937,
      0.7946686519400862,
      0.8211031601404507,
      0.8382150317791902,
      0.8539935108227033,
      0.8648495488688386,
      0.875105560247122,
      0.882005866927419,
      0.888861727187875,
      0.8918951953420152,
      0.8967620783145918,
      0.9023289923996622,
      0.9053513489488422,
      0.9075847815458464,
      0.9106071380950265,
      0.9140072892128539,
      0.9158629272412108,
      0.9167851904529091,
      0.9204964665096227
    ],
    "val_accuracy": [
      0.3838464614154338,
      0.5428828468612555,
      0.6343462614954019,
      0.6782287085165933,
      0.7458016793282687,
      0.7565973610555777,
      0.7401039584166333,
      0.7595961615353859,
      0.7881847261095561,
      0.8278688524590164,
      0.7994802079168333,
      0.8253698520591763,
      0.8470611755297881,
      0.8234706117552979,
      0.8486605357856857,
      0.8452618952419032,
      0.8298680527788884,
      0.8544582167133147,
      0.8733506597361056,
      0.8557576969212315
    ]
  }
}
