{
  "timestamp": "2025-04-05T18:04:09.393833",
  "time_took": "9.0 min 20.082998991012573 sec",
  "metrics": {
    "train_loss": [
      0.9916926460679282,
      0.6882211613807488,
      0.5878823757256296,
      0.5255674845962361,
      0.47460725162686274,
      0.4349582886788994,
      0.40286102960817516,
      0.3787446341435002,
      0.35629796010272746,
      0.33957469706762244,
      0.31934057574041863,
      0.3008758941749958,
      0.29138465809889813,
      0.2764949803558094,
      0.2672192729501562,
      0.25746918746947567,
      0.24761653041721068,
      0.24082547559572215,
      0.23310151807328855,
      0.22274916136467998
    ],
    "val_loss": [
      0.9816523805449281,
      0.7550482070898707,
      0.924775663055951,
      0.8992008559311493,
      1.057637147511108,
      0.4181777472737469,
      0.45095058143893374,
      0.7264284001121039,
      0.47771108527726763,
      0.4664745010152648,
      0.4859553839586958,
      0.36340133166765864,
      0.42807848393162595,
      0.9630285720281964,
      0.3445967232124715,
      0.3768083172131188,
      0.7674504201623458,
      0.3649452787034119,
      0.9488113967678214,
      0.3483013456003575
    ],
    "train_accuracy": [
      0.6373838837281657,
      0.7550113338370594,
      0.7861016045157563,
      0.8096026490066225,
      0.8277145650917819,
      0.8433263700608916,
      0.8554380194675318,
      0.8657495888706165,
      0.8738499488866172,
      0.8783612605004667,
      0.8863616160718254,
      0.8941619627539001,
      0.8961509400417796,
      0.9019178630161341,
      0.9054513533934841,
      0.9093515267345216,
      0.9122961020489799,
      0.9139961776078936,
      0.9179630205786924,
      0.9221854304635762
    ],
    "val_accuracy": [
      0.6444422231107557,
      0.7116153538584566,
      0.6490403838464615,
      0.6882247101159537,
      0.6303478608556577,
      0.8536585365853658,
      0.8320671731307477,
      0.748000799680128,
      0.8312674930027989,
      0.8361655337864854,
      0.8275689724110356,
      0.8730507796881247,
      0.8539584166333467,
      0.7011195521791284,
      0.8726509396241503,
      0.8730507796881247,
      0.7964814074370252,
      0.8787485005997601,
      0.7210115953618552,
      0.8775489804078369
    ]
  }
}
