{
  "timestamp": "2025-04-05T17:54:49.310299",
  "time_took": "7.0 min 5.65009880065918 sec",
  "metrics": {
    "train_loss": [
      1.010089597241445,
      0.6824134216982533,
      0.5717871532436799,
      0.5023169720714743,
      0.44644203244454483,
      0.4117743084418841,
      0.3786415079481561,
      0.35461141291836445,
      0.3345553506462073,
      0.3151204305997288,
      0.2962536070368845,
      0.2858091550244188,
      0.27200924078087235,
      0.2594375730153512,
      0.2480829948749901,
      0.2421624607575888,
      0.23163851412986827,
      0.22556030870923263,
      0.21527149648913604,
      0.2085008620051667
    ],
    "val_loss": [
      1.238811956176275,
      1.2246893629243103,
      0.5752611363990398,
      0.6413001184222065,
      0.4354876826835584,
      0.5341887462742722,
      0.48003734214396415,
      0.3831899269849439,
      0.46546288117577755,
      0.6325095842910718,
      0.35028816665275186,
      0.4979399337044245,
      0.3645964272414582,
      0.2656138211111479,
      0.24525494600021386,
      0.43743671986121163,
      0.28823323491253433,
      0.342638254542894,
      0.25975878357510024,
      0.5782443997980673
    ],
    "train_accuracy": [
      0.6359838215031779,
      0.7542890795146451,
      0.7953797946575404,
      0.8191364060624917,
      0.8411707186986088,
      0.8533712609449309,
      0.8655718031912529,
      0.8739610649362194,
      0.8820280901373394,
      0.8877727899017734,
      0.8952842348548824,
      0.8976954531312503,
      0.9050180008000356,
      0.9086403840170674,
      0.9124294413085026,
      0.914562869460865,
      0.9177074536646073,
      0.9208631494733099,
      0.9240188452820125,
      0.9264078403484599
    ],
    "val_accuracy": [
      0.5339864054378248,
      0.58046781287485,
      0.7871851259496202,
      0.7803878448620551,
      0.8456617353058776,
      0.8083766493402639,
      0.8365653738504598,
      0.8671531387445022,
      0.8371651339464214,
      0.7882846861255498,
      0.8776489404238305,
      0.8195721711315473,
      0.8660535785685726,
      0.9052379048380648,
      0.9152339064374251,
      0.8406637345061975,
      0.8931427429028389,
      0.874250299880048,
      0.9089364254298281,
      0.8077768892443022
    ]
  }
}
