{
  "timestamp": "2025-04-05T17:47:43.659675",
  "time_took": "4.0 min 59.119555711746216 sec",
  "metrics": {
    "train_loss": [
      1.0393657498908313,
      0.6722918910567056,
      0.54534479344941,
      0.4797190051864494,
      0.42894069877961144,
      0.39409735712053423,
      0.36792796854437754,
      0.34475074702111835,
      0.32513697077096865,
      0.31080797884020617,
      0.2949929527134042,
      0.2803051926364953,
      0.26901844439139083,
      0.25878770485393365,
      0.25049079579978506,
      0.24033355240879412,
      0.23210030229000206,
      0.22495401607011445,
      0.215511389140209,
      0.20860813399353487
    ],
    "val_loss": [
      1.2124299029760723,
      0.9009561146361919,
      0.8621892649916154,
      0.9772320231304893,
      0.6509302371664892,
      0.5118599002119861,
      0.4546162018293067,
      0.5319489848010147,
      0.49861691873284836,
      0.46383798046957087,
      0.36337924852401393,
      0.2950052296436286,
      0.282754660973066,
      0.3045010019706774,
      0.26743261119987394,
      0.28492773993860315,
      0.2309574216038366,
      0.30860455560533306,
      0.19462833327205875,
      0.22019406200586994
    ],
    "train_accuracy": [
      0.627416774078848,
      0.7614005066891862,
      0.807102537890573,
      0.8286034934885995,
      0.8476487843904174,
      0.860782701453398,
      0.8689275078892396,
      0.8781945864260634,
      0.8857504777990133,
      0.8903840170674252,
      0.8954731321392062,
      0.9002400106671408,
      0.9047513222809903,
      0.9090626250055558,
      0.9119849771100937,
      0.9157518111916085,
      0.9192964131739189,
      0.9202520112004978,
      0.924996666518512,
      0.9260300457798124
    ],
    "val_accuracy": [
      0.5401839264294283,
      0.6906237504998001,
      0.7102159136345462,
      0.6845261895241903,
      0.7680927628948421,
      0.8152738904438225,
      0.8395641743302679,
      0.8158736505397841,
      0.8121751299480208,
      0.8300679728108756,
      0.8691523390643743,
      0.8950419832067174,
      0.9014394242303079,
      0.8884446221511395,
      0.9115353858456617,
      0.8969412235105958,
      0.922530987604958,
      0.8966413434626149,
      0.9358256697321071,
      0.9229308276689324
    ]
  }
}
