{
  "timestamp": "2025-04-05T17:38:08.350281",
  "time_took": "3.0 min 56.78658676147461 sec",
  "metrics": {
    "train_loss": [
      1.139488129029897,
      0.7672042319212448,
      0.6379263682968237,
      0.5717486861077222,
      0.5245533340864561,
      0.48770794619552116,
      0.4572136603634466,
      0.4369484559124844,
      0.4178307895463976,
      0.40383261372335255,
      0.38898093572987075,
      0.37477351499679074,
      0.3656296274116771,
      0.35617742291651666,
      0.34628470440987835,
      0.34095807771452447,
      0.3337798558852889,
      0.32552515874108806,
      0.321215482682667,
      0.3146133483175866
    ],
    "val_loss": [
      5.955886985682234,
      6.505505133278763,
      7.050864986226529,
      7.258783968189094,
      6.605155142047737,
      7.241075702860385,
      7.083928965315034,
      6.615589763544783,
      6.443662528750263,
      6.183294015594676,
      6.026186420947691,
      5.732267699664152,
      5.813091848469988,
      5.763519917862324,
      5.6913523643831665,
      5.477788318561602,
      5.084179464774795,
      5.213437584382069,
      4.957840415495861,
      4.522785201857362
    ],
    "train_accuracy": [
      0.5877372327659007,
      0.7269434197075425,
      0.7717676341170718,
      0.7954575758922618,
      0.8126250055558025,
      0.8257255878039024,
      0.8367149651095604,
      0.844859771545402,
      0.8496044268634162,
      0.8570380905818037,
      0.8612493888617272,
      0.8656940308458154,
      0.8705498022134317,
      0.8732943686386062,
      0.8769834214853993,
      0.8791724076625628,
      0.8821280945819814,
      0.8840615138450598,
      0.8867505222454332,
      0.8886728299035512
    ],
    "val_accuracy": [
      0.21821271491403438,
      0.3162734906037585,
      0.3402638944422231,
      0.37215113954418233,
      0.3863454618152739,
      0.3808476609356258,
      0.3809476209516193,
      0.3955417832866853,
      0.39744102359056377,
      0.41283486605357855,
      0.4187325069972011,
      0.4223310675729708,
      0.43672530987604957,
      0.4257297081167533,
      0.42323070771691323,
      0.4346261495401839,
      0.43152738904438226,
      0.43232706917233105,
      0.44822071171531386,
      0.4530187924830068
    ]
  }
}
