{
  "timestamp": "2025-04-05T19:21:33.998717",
  "time_took": "4.0 min 50.2736279964447 sec",
  "metrics": {
    "train_loss": [
      1.1378864226862788,
      0.7305956247939982,
      0.5952590280212462,
      0.5185896377502517,
      0.4690294479527934,
      0.4298084183934737,
      0.40148473890836944,
      0.37214448618363927,
      0.3538315467409451,
      0.33451382316310296,
      0.31816216018474236,
      0.30167733486318454,
      0.2907786295188337,
      0.27835416605442087,
      0.2696001304482872,
      0.2603091775778342,
      0.25139339323240245,
      0.24361336637626996,
      0.23620685540266673,
      0.22957023150626232
    ],
    "val_loss": [
      1.280043039140822,
      1.0484337602989584,
      0.8973701219015484,
      0.7050311965278432,
      0.5900614710548256,
      0.5898569743090039,
      0.47847283226025256,
      0.5583601356307163,
      0.48317409278471257,
      0.38799492788465717,
      0.5852638562268848,
      0.30499969366230545,
      0.4229544446438174,
      0.3746304240407823,
      0.34865976323055314,
      0.2972484825155403,
      0.29984389773652526,
      0.31808510083186475,
      0.27584434479852266,
      0.39413979310023634
    ],
    "train_accuracy": [
      0.5968931952531223,
      0.7469109738210588,
      0.7921129827992355,
      0.8186252722343216,
      0.8347704342415219,
      0.850348904395751,
      0.8585270456464732,
      0.869860882705898,
      0.877116760744922,
      0.8819280856926974,
      0.8875061113827282,
      0.8938397262100538,
      0.8985177118983065,
      0.9024845548691053,
      0.905995822036535,
      0.9086514956220276,
      0.9123738832837015,
      0.914718431930308,
      0.9170963153917951,
      0.9194964220632028
    ],
    "val_accuracy": [
      0.49780087964814074,
      0.6268492602958816,
      0.6736305477808876,
      0.7327069172331068,
      0.7773890443822471,
      0.7833866453418633,
      0.8235705717712914,
      0.8070771691323471,
      0.818672530987605,
      0.8652538984406237,
      0.7803878448620551,
      0.897141143542583,
      0.8514594162335066,
      0.8654538184726109,
      0.8711515393842463,
      0.8982407037185126,
      0.8932427029188325,
      0.8922431027588964,
      0.9004398240703718,
      0.8525589764094362
    ]
  }
}
