{
  "timestamp": "2025-04-05T19:32:05.050441",
  "time_took": "5.0 min 26.67443299293518 sec",
  "metrics": {
    "train_loss": [
      0.974531745961444,
      0.6429595368998972,
      0.5296045950275253,
      0.46347169167446817,
      0.4184325580188835,
      0.38520812219940126,
      0.3590320810379291,
      0.33579338930377906,
      0.31083728061904287,
      0.2947359440467236,
      0.28100649460049515,
      0.2675345055758953,
      0.2519404964669692,
      0.24499055357988586,
      0.2298797986216166,
      0.2198498220373453,
      0.21116360421927477,
      0.20426868632520465,
      0.19677871713330122,
      0.19059884038605643
    ],
    "val_loss": [
      1.5300296846824357,
      1.1367201888108556,
      0.9465363410454762,
      0.5651734754254546,
      0.6843402649782881,
      0.4797116601014439,
      0.40018698761734783,
      0.4347348416907878,
      0.5686927313291574,
      0.3631845597602144,
      0.6141200235372857,
      0.35861006265954126,
      0.3328174207406708,
      0.23619352677200414,
      0.29887858127491385,
      0.2828333579663989,
      0.19498666555066652,
      0.23586118419336366,
      0.2694582603400267,
      0.22426054636134377
    ],
    "train_accuracy": [
      0.6475065558469265,
      0.7696230943597493,
      0.8122138761722744,
      0.8339037290546246,
      0.849848882172541,
      0.8628939063958398,
      0.8735610471576515,
      0.8803169029734655,
      0.8889728432374773,
      0.8955398017689675,
      0.9007622561002712,
      0.9051624516645185,
      0.9110960487132761,
      0.9133517045202009,
      0.9180630250233344,
      0.9214520645362017,
      0.9250744477532334,
      0.9274856660296014,
      0.9302524556646962,
      0.9326858971509845
    ],
    "val_accuracy": [
      0.5038984406237506,
      0.6288484606157537,
      0.676829268292683,
      0.796281487405038,
      0.7659936025589764,
      0.8240703718512595,
      0.8525589764094362,
      0.8397640943622551,
      0.7944822071171531,
      0.8682526989204318,
      0.7842862854858057,
      0.8726509396241503,
      0.8832467013194722,
      0.9166333466613354,
      0.8938424630147941,
      0.9010395841663335,
      0.9325269892043183,
      0.9174330267892843,
      0.90843662534986,
      0.920531787285086
    ]
  }
}
