{
  "timestamp": "2025-04-05T19:26:38.375190",
  "time_took": "5.0 min 4.375932455062866 sec",
  "metrics": {
    "train_loss": [
      1.0385513834824616,
      0.6709434834986248,
      0.5455697244456545,
      0.47676298301666975,
      0.43252883335067466,
      0.3956758099692789,
      0.37147215429947456,
      0.3488618360663002,
      0.3260720267002894,
      0.31170663415369665,
      0.29698328036730265,
      0.28164107917638664,
      0.27018485413017596,
      0.2574957498687912,
      0.24918874879155986,
      0.2412951056083495,
      0.2328982571012933,
      0.22290034858848562,
      0.2158043950330466,
      0.20671005979370835
    ],
    "val_loss": [
      1.4441315041312688,
      1.1669727480864223,
      0.8517800275283524,
      0.5632423965991298,
      0.5387195982510531,
      0.5901257818258261,
      0.40327839496769485,
      0.42696392158918745,
      0.3631198098765144,
      0.38093107825593103,
      0.36871032511131674,
      0.263322187564041,
      0.2823087835236441,
      0.35304249502435514,
      0.37472828109807604,
      0.27989113349703293,
      0.1734171544637861,
      0.21608853245837778,
      0.2930029011979888,
      0.2329804547413995
    ],
    "train_accuracy": [
      0.6288168363038358,
      0.7639339526201164,
      0.8074247744344193,
      0.8326370060891595,
      0.847582114760656,
      0.859527090092893,
      0.8687163873949953,
      0.8767834125961154,
      0.8846170940930708,
      0.8889950664473977,
      0.895262011644962,
      0.8999399973332148,
      0.9045402017867461,
      0.9084292635228233,
      0.9122072092092982,
      0.9147073203253477,
      0.9177630116894084,
      0.9219409751544513,
      0.9237855015778479,
      0.9274745544246411
    ],
    "val_accuracy": [
      0.5356857257097161,
      0.6470411835265893,
      0.7046181527389045,
      0.7934826069572171,
      0.7960815673730508,
      0.7609956017592963,
      0.8517592962814874,
      0.8418632546981207,
      0.8636545381847262,
      0.8579568172730908,
      0.861655337864854,
      0.9056377449020392,
      0.9004398240703718,
      0.8740503798480608,
      0.867453018792483,
      0.9007397041183527,
      0.9410235905637745,
      0.9249300279888045,
      0.8944422231107557,
      0.920531787285086
    ]
  }
}
