{
  "timestamp": "2025-04-05T19:07:18.325613",
  "time_took": "4.0 min 40.258811473846436 sec",
  "metrics": {
    "train_loss": [
      1.5838130660016427,
      1.1962902320718223,
      0.9968510995703664,
      0.866753054020757,
      0.7760970216583122,
      0.7158290410245006,
      0.6677275418557904,
      0.6274217718958177,
      0.595827715175057,
      0.5696059975942428,
      0.5460553329268639,
      0.5274800452911719,
      0.5141193907369267,
      0.49627872552214697,
      0.4839649949730797,
      0.4701659491455013,
      0.45632455675778066,
      0.44874194518408994,
      0.4402771859683774,
      0.4291470483665101
    ],
    "val_loss": [
      1.352860779701909,
      1.1357167740411396,
      0.877550188499161,
      0.8733602188810518,
      0.7792634745187397,
      0.6868440652195411,
      0.7316711401637597,
      0.5391177270985856,
      0.5029740782478188,
      0.7138783667660966,
      0.5227060280268705,
      0.33473501571371583,
      0.5124965513808818,
      0.41394339294373234,
      0.34283258945127076,
      0.30635578175888784,
      0.28492715992505036,
      0.325463534533223,
      0.32004261563850356,
      0.3617537383791767
    ],
    "train_accuracy": [
      0.4483421485399351,
      0.5982599226632295,
      0.668796390950709,
      0.7113871727632339,
      0.7371549846659852,
      0.755089115071781,
      0.7713898395484243,
      0.7829903551268945,
      0.7942908573714388,
      0.8033134805991378,
      0.8119360860482688,
      0.8189919551980088,
      0.8225254455753589,
      0.8288590604026845,
      0.8332370327570114,
      0.8375594470865372,
      0.842492999688875,
      0.8454264633983732,
      0.8490044001955642,
      0.8538490599582204
    ],
    "val_accuracy": [
      0.4790083966413435,
      0.5301879248300679,
      0.6940223910435825,
      0.6978208716513394,
      0.7280087964814075,
      0.7683926429428228,
      0.7456017592962815,
      0.8127748900439824,
      0.8172730907636945,
      0.7496001599360256,
      0.8197720911635346,
      0.8906437425029988,
      0.8036785285885646,
      0.8645541783286685,
      0.8881447421031587,
      0.8999400239904038,
      0.9088364654138344,
      0.8832467013194722,
      0.8942423030787685,
      0.8760495801679328
    ]
  }
}
