{
  "timestamp": "2025-04-05T19:16:43.724400",
  "time_took": "4.0 min 44.08506679534912 sec",
  "metrics": {
    "train_loss": [
      1.2390522316775539,
      0.8300668771632693,
      0.663877638395537,
      0.575690013314174,
      0.5206828157163479,
      0.47664779517799616,
      0.44397131383249705,
      0.4154793960253962,
      0.3961146661842411,
      0.3774786288426681,
      0.3611693359191783,
      0.34441846240819857,
      0.3315700529439544,
      0.3210095225367695,
      0.31038872518746013,
      0.30095486901700497,
      0.2920494987841018,
      0.2834057450844822,
      0.27350423294013704,
      0.2674750548321754
    ],
    "val_loss": [
      1.2211234207394757,
      0.8598167488846598,
      0.8063257329071625,
      0.5644532162931901,
      0.5339174319671679,
      0.5170869178409818,
      0.44031278807905655,
      0.48060894804664805,
      0.5019562150104137,
      0.32938614336750177,
      0.465268534195574,
      0.3941777921930144,
      0.37233908191511905,
      0.39135123619550394,
      0.364623501142369,
      0.22951006182009662,
      0.3797429128538204,
      0.2649811491181579,
      0.23256910262228567,
      0.2624577902540376
    ],
    "train_accuracy": [
      0.5617916351837859,
      0.717287434997111,
      0.7756122494333082,
      0.803680163562825,
      0.8213587270545357,
      0.8342481888083915,
      0.8457486999422197,
      0.8558602604560203,
      0.8628494599759989,
      0.868905284679319,
      0.8742166318503044,
      0.8800946708742611,
      0.884928219031957,
      0.887294990888484,
      0.8931841415174008,
      0.8958509267078537,
      0.8990510689363972,
      0.9012733899284413,
      0.9048735499355527,
      0.907406995866483
    ],
    "val_accuracy": [
      0.524890043982407,
      0.6843262694922031,
      0.7081167532986805,
      0.8002798880447821,
      0.8035785685725709,
      0.8141743302678929,
      0.8488604558176729,
      0.8300679728108756,
      0.810875649740104,
      0.8939424230307876,
      0.8235705717712914,
      0.8481607357057177,
      0.8625549780087964,
      0.8700519792083167,
      0.8639544182327069,
      0.924030387844862,
      0.8547580967612954,
      0.9078368652538984,
      0.9213314674130347,
      0.905437824870052
    ]
  }
}
