{
  "timestamp": "2025-04-05T19:11:59.638491",
  "time_took": "4.0 min 41.31223821640015 sec",
  "metrics": {
    "train_loss": [
      1.3962041893973947,
      0.9755474629557945,
      0.7894819531251084,
      0.6829230116934262,
      0.6129455373791809,
      0.5633538143116642,
      0.5161988886750557,
      0.48748556715012953,
      0.4609612737443637,
      0.4422354449475692,
      0.4233111624859951,
      0.40522903112948616,
      0.39348200897008856,
      0.37695018350231374,
      0.3675187515433539,
      0.36018459407866676,
      0.34675551064058463,
      0.3353164688980376,
      0.33098286405121063,
      0.32193094792521815
    ],
    "val_loss": [
      1.15244526802739,
      0.8831184830846666,
      0.8677792677396461,
      0.6573597947253457,
      0.5959734380999698,
      0.6148239242125161,
      0.6452654660502567,
      0.7195069669168207,
      0.6433521365817589,
      0.6210215872601618,
      0.4261774307564844,
      0.3887993600926822,
      0.3103518169137496,
      0.4131020005745224,
      0.36605903638314596,
      0.3795616238177577,
      0.33997751527194736,
      0.4681954791274252,
      0.34339238193970695,
      0.7741060951088048
    ],
    "train_accuracy": [
      0.5107560336014934,
      0.6750411129383528,
      0.7398328814613983,
      0.770312013867283,
      0.7925463353926842,
      0.8105138006133606,
      0.8257811458287035,
      0.8343815280679141,
      0.8426152273434375,
      0.8489266189608426,
      0.8569269745322015,
      0.8614382861460509,
      0.8663496155384683,
      0.8716942975243344,
      0.8746944308635939,
      0.8760056002489,
      0.8829725765589582,
      0.8861171607627005,
      0.887294990888484,
      0.8901062269434197
    ],
    "val_accuracy": [
      0.5730707716913235,
      0.6660335865653738,
      0.6912235105957617,
      0.7570971611355458,
      0.7744902039184326,
      0.7749900039984007,
      0.7556977209116353,
      0.7320071971211516,
      0.752998800479808,
      0.7719912035185925,
      0.8389644142343062,
      0.8533586565373851,
      0.8909436225509796,
      0.846061575369852,
      0.8668532586965214,
      0.8500599760095962,
      0.8834466213514595,
      0.8169732107157137,
      0.8766493402638944,
      0.6931227508996401
    ]
  }
}
