{
  "timestamp": "2025-04-06T14:18:32.462483",
  "time_took": "5.0 min 1.4271814823150635 sec",
  "metrics": {
    "train_loss": [
      0.7030807985839519,
      0.4173584755679423,
      0.34165987543846393,
      0.29916912356433883,
      0.2792289375687357,
      0.262713967864825,
      0.24549686243567106,
      0.23680597931061956,
      0.2248170728985728,
      0.21777929451358927,
      0.21496973584130916,
      0.20832307699178768,
      0.20268244470935315,
      0.19791250615063208,
      0.19169891796032476,
      0.18818866307529705,
      0.18601727713724936,
      0.17942586464976723,
      0.1831191346017559,
      0.1782068658662452
    ],
    "val_loss": [
      2.272844104827205,
      3.555450152747239,
      3.5990250804756263,
      4.5681658696524705,
      1.128583247148538,
      1.9988671073430702,
      0.5540963920611369,
      2.7844700420959088,
      0.8258630059942415,
      1.050127711477159,
      3.0676425076738187,
      0.929689066319526,
      1.4280883488775808,
      1.182827993284298,
      1.2183889874929115,
      3.138722356361679,
      1.241704095013534,
      1.149053710170939,
      0.9372604300704184,
      0.7559624706642537
    ],
    "train_accuracy": [
      0.7478776834525979,
      0.8506378061247166,
      0.8806613627272323,
      0.8958398151028935,
      0.9049291079603538,
      0.9112071647628783,
      0.916885194897551,
      0.9206186941641851,
      0.9254411307169208,
      0.9272523223254366,
      0.9282634783768168,
      0.9314302857904796,
      0.9341970754255745,
      0.9356638072803236,
      0.9370194230854705,
      0.9377194541979643,
      0.9379305746922085,
      0.9410196008711498,
      0.9408418151917863,
      0.9422529890217343
    ],
    "val_accuracy": [
      0.45861655337864854,
      0.42203118752499,
      0.34626149540183926,
      0.33716513394642145,
      0.6358456617353059,
      0.5396841263494602,
      0.8073770491803278,
      0.35425829668132747,
      0.6880247900839664,
      0.6025589764094362,
      0.4172331067572971,
      0.6715313874450219,
      0.6446421431427429,
      0.600359856057577,
      0.549780087964814,
      0.5753698520591763,
      0.5956617353058776,
      0.6595361855257896,
      0.702219112355058,
      0.7526989204318273
    ]
  }
}
