{
  "timestamp": "2025-04-06T14:35:56.779951",
  "time_took": "5.0 min 1.7962217330932617 sec",
  "metrics": {
    "train_loss": [
      0.658202914013104,
      0.3947625342248516,
      0.3165318581952967,
      0.27011246515691956,
      0.24188032062639567,
      0.21681663946417923,
      0.19940610689809546,
      0.18052188601789318,
      0.16843760111475026,
      0.1629215394972231,
      0.15097336430335417,
      0.1470548427843658,
      0.13375765283655544,
      0.1317375619176098,
      0.12551156220036896,
      0.1342200847575441,
      0.11863088425227696,
      0.10958350153470581,
      0.10578515090905553,
      0.10509511165384372
    ],
    "val_loss": [
      0.6663103586510767,
      0.47517044332963004,
      1.015573579299299,
      0.8400550835494753,
      3.5258933200111873,
      2.4817635696145555,
      0.4886537137665326,
      2.0271540533138226,
      1.0991683466525017,
      0.4458626440808743,
      1.8714136096495617,
      0.6704747469364842,
      2.6088663716859455,
      0.5106899870347373,
      4.2624307372902015,
      0.9075644944287553,
      0.8671612467946885,
      0.9048856112021434,
      1.0947401938559134,
      0.3369116541705554
    ],
    "train_accuracy": [
      0.7617894128627939,
      0.8596493177474555,
      0.8874061069380862,
      0.9050624472198764,
      0.914518423041024,
      0.923541046268723,
      0.9298857727010089,
      0.9370638695053114,
      0.9411973865505133,
      0.9425307791457398,
      0.9474754433530379,
      0.9486754966887417,
      0.9534868216365172,
      0.9538535046002045,
      0.9558202586781634,
      0.953375705586915,
      0.9589981776967865,
      0.9618094137517224,
      0.9631650295568692,
      0.9624538868394151
    ],
    "val_accuracy": [
      0.7418032786885246,
      0.8234706117552979,
      0.7041183526589364,
      0.7104158336665334,
      0.3622550979608157,
      0.4753098760495802,
      0.8443622550979608,
      0.48760495801679327,
      0.6746301479408237,
      0.8349660135945621,
      0.6244502199120352,
      0.7597960815673731,
      0.4055377848860456,
      0.8091763294682127,
      0.375249900039984,
      0.6863254698120752,
      0.7458016793282687,
      0.7524990003998401,
      0.6917233106757297,
      0.8861455417832866
    ]
  }
}
