{
  "timestamp": "2025-04-06T13:54:07.952300",
  "time_took": "5.0 min 0.5930819511413574 sec",
  "metrics": {
    "train_loss": [
      1.8021056636829267,
      1.3858537831428377,
      1.2319635078310966,
      1.1547647125341676,
      1.108764454891736,
      1.074983354996551,
      1.047285796058449,
      1.0221653128550812,
      1.0022960958833045,
      0.9818794180385091,
      0.9608932374553247,
      0.9403532625768672,
      0.9209995927627791,
      0.9071422933008183,
      0.891328629444946,
      0.87258079233156,
      0.8579531919888475,
      0.8432474069466646,
      0.8286788799715313,
      0.8174132291566242
    ],
    "val_loss": [
      1.7316676996931244,
      1.516073720364631,
      1.4514319760889947,
      1.4422483248046682,
      1.4500761952581285,
      1.4314605903021898,
      1.4369935476327245,
      1.4332328853727896,
      1.4459201399284074,
      1.45953563798832,
      1.4384439791305155,
      1.4366013279444054,
      1.4692137935493566,
      1.4466597988635679,
      1.4884825446937657,
      1.4797845022587837,
      1.474763702742661,
      1.4904744036589996,
      1.518707370456261,
      1.5214909677264057
    ],
    "train_accuracy": [
      0.34038179474643315,
      0.48296590959598207,
      0.5424129961331615,
      0.5745810924929997,
      0.5947708787057202,
      0.6076158940397351,
      0.6216165162896129,
      0.6302057869238633,
      0.6387394995333125,
      0.6463953953509045,
      0.6554624649984444,
      0.6630961376061159,
      0.6709742655229122,
      0.6760411573847727,
      0.6821969865327348,
      0.6873861060491577,
      0.6940419574203298,
      0.69657540335126,
      0.7042424107738122,
      0.7074647762122761
    ],
    "val_accuracy": [
      0.3243702518992403,
      0.3980407836865254,
      0.42862854858056776,
      0.4347261095561775,
      0.44032387045181925,
      0.45891643342662936,
      0.461015593762495,
      0.468312674930028,
      0.4814074370251899,
      0.47341063574570175,
      0.48490603758496603,
      0.48750499800079966,
      0.4892043182726909,
      0.4924030387844862,
      0.4933026789284286,
      0.49140343862455016,
      0.48980407836865253,
      0.493202718912435,
      0.49430227908836466,
      0.49670131947221113
    ]
  }
}
