{
  "timestamp": "2025-04-06T13:48:32.956883",
  "time_took": "5.0 min 2.59002947807312 sec",
  "metrics": {
    "train_loss": [
      1.0276583506810395,
      0.6811163635839793,
      0.5598458105444231,
      0.4895825861445205,
      0.4422645097259771,
      0.40645517662844877,
      0.37781467246399686,
      0.3554470202123577,
      0.3336522548501803,
      0.31997103561562573,
      0.3013520449907942,
      0.2898644473700022,
      0.27740859640338883,
      0.2673950900577686,
      0.2538997805994851,
      0.2482332949082113,
      0.23661332742565058,
      0.23193579480390658,
      0.2259530051061037,
      0.21884681428359312
    ],
    "val_loss": [
      1.3545762209952632,
      0.887332459039326,
      0.7890944005567816,
      0.7220747750016707,
      0.7811948506137992,
      0.4816298315042182,
      0.3889417157897466,
      0.41063925661618195,
      0.4270813129370726,
      0.3691671179442466,
      0.3841164172450198,
      0.4345069372955757,
      0.304314962104906,
      0.30281242011468623,
      0.22411624389358714,
      0.24832883043379722,
      0.22881547814305825,
      0.22714397462108468,
      0.2777957129704801,
      0.20564574993486645
    ],
    "train_accuracy": [
      0.630339126183386,
      0.7584114849548869,
      0.8005133561491622,
      0.826558958175919,
      0.8428485710476021,
      0.8553046802080092,
      0.8659051513400595,
      0.8741499622205431,
      0.8806280279123516,
      0.8867171874305525,
      0.8932063647273212,
      0.8978399039957331,
      0.9027067869683097,
      0.9062736121605405,
      0.9095404240188453,
      0.9120294235299347,
      0.9173074358860394,
      0.9184297079870216,
      0.9207298102137873,
      0.9229743544157518
    ],
    "val_accuracy": [
      0.5024990003998401,
      0.6689324270291883,
      0.7162135145941624,
      0.7478008796481408,
      0.7246101559376249,
      0.8248700519792083,
      0.8599560175929628,
      0.8512594962015194,
      0.8390643742502999,
      0.8693522590963615,
      0.8605557776889244,
      0.845061975209916,
      0.8979408236705317,
      0.8987405037984806,
      0.9238304678128748,
      0.9159336265493803,
      0.9221311475409836,
      0.9236305477808876,
      0.8985405837664934,
      0.9265293882447021
    ]
  }
}
