{
  "timestamp": "2025-04-06T14:24:17.564294",
  "time_took": "4.0 min 59.956276416778564 sec",
  "metrics": {
    "train_loss": [
      1.2006866208870302,
      0.8956374672495506,
      0.7729417768053033,
      0.6894479258917272,
      0.6266517791135068,
      0.5764907204376702,
      0.5391186671754853,
      0.5074636749923229,
      0.4816089240326123,
      0.45641679471273994,
      0.4349633962000636,
      0.41849334114654496,
      0.40393235187300225,
      0.38257556910287926,
      0.3711919074200771,
      0.3578779906965792,
      0.3473550898488611,
      0.33974811930040066,
      0.3283171912401237,
      0.31891951618970116
    ],
    "val_loss": [
      1.4594342014457606,
      1.3920963172671161,
      1.7554828562313998,
      1.2712535948692998,
      1.293949453136589,
      1.2168743980081775,
      0.6519953812224956,
      0.9498795323734042,
      1.0444584187073043,
      0.633854528016682,
      1.424286486227301,
      1.2983307310297518,
      0.8733845670011979,
      1.6078698997256122,
      0.9148870570750176,
      2.924192214313942,
      1.019337915921513,
      1.2400817554208297,
      0.6257011716878866,
      0.8473636817328537
    ],
    "train_accuracy": [
      0.5580914707320326,
      0.676107827014534,
      0.7216098493266367,
      0.7525890039557314,
      0.7747122094315303,
      0.7923685497133206,
      0.8066580736921641,
      0.8195919818658607,
      0.8272478776834526,
      0.8366482954797991,
      0.8440819591981866,
      0.8516378505711365,
      0.8558380372460999,
      0.8638939508422596,
      0.8694497533223698,
      0.8729610204897995,
      0.8772056535846038,
      0.8783168140806258,
      0.8834948219920885,
      0.8871060936041602
    ],
    "val_accuracy": [
      0.4701119552179128,
      0.492203118752499,
      0.429828068772491,
      0.5551779288284686,
      0.5600759696121551,
      0.5944622151139545,
      0.7594962015193922,
      0.6698320671731307,
      0.6579368252698921,
      0.7590963614554178,
      0.6273490603758497,
      0.5726709316273491,
      0.7138144742103159,
      0.6140543782487006,
      0.6921231507397041,
      0.5176929228308677,
      0.6737305077968813,
      0.681827269092363,
      0.7941823270691724,
      0.702718912435026
    ]
  }
}
