{
  "timestamp": "2025-04-06T14:12:18.705619",
  "time_took": "5.0 min 1.3417928218841553 sec",
  "metrics": {
    "train_loss": [
      0.639049110172147,
      0.39501913971352304,
      0.31604796394028445,
      0.27377769085366954,
      0.24332313105167652,
      0.22180878034454177,
      0.20131385688331316,
      0.18367999701612545,
      0.17252864474324847,
      0.1626895857678557,
      0.15686264675406908,
      0.14586409806559625,
      0.14266991830663756,
      0.136730631665242,
      0.13144777846437963,
      0.1272354383651294,
      0.1254172301004556,
      0.11938240502918647,
      0.11600650338170287,
      0.11597585900083439
    ],
    "val_loss": [
      1.2697981181023996,
      2.711118417450144,
      0.7600077858454064,
      1.5964039579222473,
      0.6174301712573329,
      1.5186732237852072,
      1.1386408836026736,
      0.7929944305480281,
      1.485650568823271,
      0.4406019769891908,
      3.599830518794965,
      0.7720193945908849,
      0.7700423330445832,
      0.5045529573778563,
      0.43944351884383187,
      1.0171105114719536,
      0.3511623149808449,
      1.0048390174213844,
      1.8822414030002643,
      0.6023932672754119
    ],
    "train_accuracy": [
      0.7665674029956887,
      0.8600715587359439,
      0.887250544468643,
      0.9045179785768256,
      0.9142406329170185,
      0.922685452686786,
      0.930496910973821,
      0.9369971998755501,
      0.9396639850660029,
      0.9432641450731144,
      0.946475398906618,
      0.9500755589137295,
      0.9508422596559847,
      0.9528979065736255,
      0.9549091070714254,
      0.9559202631228054,
      0.9567758567047424,
      0.9592981910307125,
      0.9600426685630472,
      0.9615538468376372
    ],
    "val_accuracy": [
      0.5652738904438225,
      0.413734506197521,
      0.741703318672531,
      0.6414434226309477,
      0.7692922830867653,
      0.5037984806077569,
      0.6342463014794082,
      0.7769892043182727,
      0.648640543782487,
      0.8398640543782487,
      0.5423830467812875,
      0.7602958816473411,
      0.7579968012794882,
      0.8180727708916433,
      0.8397640943622551,
      0.5961615353858457,
      0.891843262694922,
      0.6345461815273891,
      0.5192922830867653,
      0.8092762894842063
    ]
  }
}
