{
  "timestamp": "2025-04-05T20:19:44.399976",
  "time_took": "17.0 min 26.15105938911438 sec",
  "metrics": {
    "train_loss": [
      0.7775645638731393,
      0.5117560713551939,
      0.4199588364413516,
      0.36543809076432476,
      0.3256387662946839,
      0.2962716936811127,
      0.27330846013501287,
      0.24920199502428825,
      0.23236009839456528,
      0.21433011896442622,
      0.20280653461602263,
      0.19015202063813127,
      0.180362830393609,
      0.17033921062565324,
      0.1596486909971149,
      0.15512049687624146,
      0.14759686805667693,
      0.13941324528687718,
      0.13416884252166544,
      0.12978592071555217
    ],
    "val_loss": [
      6.26458740234375,
      5.2532769698130934,
      6.204011283343351,
      5.986802577972412,
      4.216959814482097,
      4.713661239117006,
      4.581465956530994,
      4.460275212420693,
      2.5392640451841717,
      2.7141597784018217,
      2.9482750530484356,
      1.8734063679658914,
      1.9433341810974893,
      1.4505892448787447,
      1.4329431434220905,
      0.7260632514953613,
      1.0465255379676819,
      0.6931955886038044,
      0.9444602116753783,
      0.6645317964161499
    ],
    "train_accuracy": [
      0.7265322903240145,
      0.8218809724876661,
      0.8530490244010845,
      0.8730165785146007,
      0.8873061024934441,
      0.8974732210320459,
      0.9062402773456598,
      0.9132850348904396,
      0.9192408551491177,
      0.9264189519534202,
      0.9301302280101338,
      0.9342415218454153,
      0.9367194097515446,
      0.9408973732165874,
      0.9447531001377839,
      0.9468309702653451,
      0.9485199342192986,
      0.9516867416329615,
      0.9538757278101249,
      0.9545979821325392
    ],
    "val_accuracy": [
      0.2337065173930428,
      0.3078768492602959,
      0.2841863254698121,
      0.3140743702518992,
      0.3866453418632547,
      0.405437824870052,
      0.420031987205118,
      0.3662534986005598,
      0.46921231507397043,
      0.4911035585765694,
      0.4689124350259896,
      0.5733706517393042,
      0.5835665733706518,
      0.6207516993202719,
      0.5895641743302679,
      0.7699920031987205,
      0.6857257097161136,
      0.7704918032786885,
      0.7166133546581367,
      0.7795881647341063
    ]
  }
}
