{
  "timestamp": "2025-04-05T20:28:39.369916",
  "time_took": "3.0 min 51.15829420089722 sec",
  "metrics": {
    "train_loss": [
      1.2246831598776309,
      0.8637206014245749,
      0.7210217637263916,
      0.6319899423132566,
      0.5726749195547943,
      0.5279557224024426,
      0.491578687871383,
      0.4574827972630208,
      0.4327567088925703,
      0.41285762863911013,
      0.3955620535099032,
      0.3815147750164298,
      0.3648958763488653,
      0.3501529818062078,
      0.33412930663590407,
      0.3276821555866098,
      0.31414136510681023,
      0.3067585329990834,
      0.30061867350543087,
      0.2910023669458248
    ],
    "val_loss": [
      1.0478950105135953,
      0.9618817250939864,
      0.7944898077204258,
      0.5627324366116826,
      0.5003496257564689,
      0.47775718796102307,
      0.42884124758877334,
      0.442029843979244,
      0.3843755774860141,
      0.3242934276408787,
      0.3076179091688953,
      0.36427895743635635,
      0.3735257436203051,
      0.28621920509428916,
      0.28471142562884316,
      0.28547307377374626,
      0.3197340729493129,
      0.2584083046339735,
      0.2122893870065484,
      0.22286450042377545
    ],
    "train_accuracy": [
      0.5503466820747589,
      0.6858527045646473,
      0.7413440597359883,
      0.7721787635006,
      0.7932352549002177,
      0.8111471620960932,
      0.8253366816302947,
      0.8367371883194809,
      0.8450042224098849,
      0.8518600826703409,
      0.8583048135472687,
      0.8642828570158674,
      0.870916485177119,
      0.8759500422240989,
      0.8819947553224587,
      0.8833281479176852,
      0.8893728610160452,
      0.8915951820080893,
      0.8932285879372417,
      0.8972509889328415
    ],
    "val_accuracy": [
      0.59656137544982,
      0.6307477009196322,
      0.6936225509796081,
      0.7905837664934027,
      0.8151739304278288,
      0.8323670531787285,
      0.8411635345861656,
      0.8326669332267094,
      0.8587564974010395,
      0.8885445821671332,
      0.8957417033186725,
      0.8734506197520991,
      0.8703518592562974,
      0.8988404638144742,
      0.8994402239104359,
      0.9044382247101159,
      0.8909436225509796,
      0.9074370251899241,
      0.9292283086765294,
      0.9234306277489004
    ]
  }
}
