{
  "timestamp": "2025-04-05T20:24:48.211080",
  "time_took": "5.0 min 3.8101675510406494 sec",
  "metrics": {
    "train_loss": [
      1.0350342776457018,
      0.6780750050886788,
      0.5535329154861922,
      0.4898034869269891,
      0.44036900863813405,
      0.40143054664473643,
      0.3757140954998745,
      0.34575555071404035,
      0.3299604358193888,
      0.30914699152874,
      0.2955511787440628,
      0.28188689395954664,
      0.27088307991454547,
      0.2563575818838382,
      0.24830106026440096,
      0.23688686173409224,
      0.23201846242458982,
      0.2205756956986575,
      0.2150341895493594,
      0.20997007061007686
    ],
    "val_loss": [
      1.2690924224974234,
      0.9739934854869601,
      0.7317481403109394,
      0.5761319964746886,
      0.6602485907983177,
      0.46000039237964,
      0.5048982915999014,
      0.47099289977097814,
      0.3947906616745116,
      0.33282487320749066,
      0.4869908648955671,
      0.32392840181724936,
      0.2796758258644539,
      0.27431155081036723,
      0.25910341456721103,
      0.23057485758503782,
      0.2589238514251347,
      0.3189354789785192,
      0.24741415028707892,
      0.23679801887726482
    ],
    "train_accuracy": [
      0.6276945642028534,
      0.7590781812525002,
      0.8033579270189786,
      0.8252922352104538,
      0.8429819103071248,
      0.8562713898395484,
      0.8664273967731899,
      0.8771056491399618,
      0.8836059380416907,
      0.8899951108938176,
      0.8953286812747233,
      0.9004622427663451,
      0.9048179919107516,
      0.9089292857460332,
      0.9123072136539402,
      0.9166518511933863,
      0.9188852837903907,
      0.9227965687363883,
      0.9247077647895462,
      0.927018978621272
    ],
    "val_accuracy": [
      0.5481807277089165,
      0.6493402638944422,
      0.7387045181927229,
      0.7861855257896841,
      0.7510995601759296,
      0.832267093162735,
      0.8174730107956817,
      0.8135745701719312,
      0.8540583766493403,
      0.8814474210315874,
      0.8185725709716114,
      0.8838464614154339,
      0.902139144342263,
      0.9066373450619752,
      0.9068372650939625,
      0.9232307077169132,
      0.9103358656537385,
      0.8838464614154339,
      0.917732906837265,
      0.916233506597361
    ]
  }
}
