{
  "timestamp": "2025-04-05T20:02:18.248328",
  "time_took": "4.0 min 42.81622004508972 sec",
  "metrics": {
    "train_loss": [
      1.2119822088121013,
      0.8147243120792237,
      0.6581197312017056,
      0.5706242935054682,
      0.5191685026088222,
      0.4772810521112247,
      0.4435364242050458,
      0.4217708176636899,
      0.395886892198839,
      0.37625307009809394,
      0.35954143426550383,
      0.35090065506202256,
      0.3329577107532797,
      0.32279143130554905,
      0.3131302162708545,
      0.3023605487648059,
      0.2917025829877027,
      0.2843506200323728,
      0.2782049604098905,
      0.27326309511607344
    ],
    "val_loss": [
      1.6917239427566528,
      1.4193578762344168,
      1.0208446202398855,
      0.7519826790954494,
      0.7295710655707347,
      0.5664971742448928,
      0.5352712654614751,
      0.49787114390844034,
      0.5019000666805461,
      0.41055809640431706,
      0.4700413795211647,
      0.4323534848569315,
      0.38779347003260745,
      0.3640536813041832,
      0.30588038322291794,
      0.278880232119862,
      0.3197630509922776,
      0.33988928398754026,
      0.32037108778199064,
      0.3003297506631175
    ],
    "train_accuracy": [
      0.5596137606115827,
      0.7118316369616428,
      0.7677896795413129,
      0.7968576381172496,
      0.8151917863016134,
      0.829536868305258,
      0.8429485754922441,
      0.8493599715542913,
      0.8596493177474555,
      0.8671718743055247,
      0.8726165607360327,
      0.8749388861727188,
      0.8825947819903107,
      0.8854504644650874,
      0.889417307435886,
      0.8930063558380372,
      0.8963842837459443,
      0.899651095604249,
      0.9021845415351794,
      0.9037512778345704
    ],
    "val_accuracy": [
      0.4934026389444222,
      0.5529788084766094,
      0.6653338664534186,
      0.741203518592563,
      0.7451019592163135,
      0.7911835265893643,
      0.8014794082367053,
      0.8169732107157137,
      0.8262694922031187,
      0.8477608956417433,
      0.8226709316273491,
      0.8389644142343062,
      0.8598560575769693,
      0.8678528588564575,
      0.8874450219912036,
      0.9004398240703718,
      0.8798480607756898,
      0.8796481407437026,
      0.8845461815273891,
      0.8899440223910435
    ]
  }
}
