{
  "timestamp": "2025-04-05T20:35:20.437788",
  "time_took": "3.0 min 16.205093383789062 sec",
  "metrics": {
    "train_loss": [
      1.572489776902578,
      1.1843384264714338,
      1.062007174911824,
      0.9833557482131503,
      0.9296387487345121,
      0.8902306762439284,
      0.8598531899465756,
      0.8367147896100174,
      0.8103071170943704,
      0.791584244675257,
      0.7761295979673212,
      0.7643032344058156,
      0.7457645228979263,
      0.7377160342240875,
      0.7259918565184555,
      0.7139275261539627,
      0.7063477231104943,
      0.6980249757285822,
      0.6877534902146594,
      0.6775846115144138
    ],
    "val_loss": [
      1.2081672134278696,
      1.0633374490315401,
      0.9413314439073394,
      0.9197515732125391,
      0.821412136283102,
      0.7780121783666973,
      0.7529428835156597,
      0.746890119359463,
      0.7238519237011294,
      0.6644897211956072,
      0.6539000318020205,
      0.6342160882829111,
      0.6336773049227798,
      0.5879309724403333,
      0.5843304995494553,
      0.5786373192750955,
      0.5862818896015988,
      0.5411637568775611,
      0.5225385427474976,
      0.5533363788942748
    ],
    "train_accuracy": [
      0.41169607538112807,
      0.5568247477665674,
      0.6050157784790435,
      0.6348059913773946,
      0.6562069425307792,
      0.6717631894750877,
      0.6836748299924441,
      0.6927752344548647,
      0.7024423307702564,
      0.708264811769412,
      0.7141872972132095,
      0.7201542290768479,
      0.7267656340281791,
      0.7302102315658474,
      0.7336659407084759,
      0.7384661540512911,
      0.7396995422018756,
      0.7446664296190941,
      0.7486666074047735,
      0.7523778834614872
    ],
    "val_accuracy": [
      0.5697720911635346,
      0.5943622550979608,
      0.6443422630947621,
      0.646141543382647,
      0.6886245501799281,
      0.7028188724510196,
      0.7258096761295482,
      0.7273090763694522,
      0.7362055177928829,
      0.7594962015193922,
      0.7573970411835266,
      0.7783886445421832,
      0.7722910835665734,
      0.7931827269092363,
      0.7966813274690124,
      0.7954818072770892,
      0.7948820471811275,
      0.8105757696921232,
      0.818672530987605,
      0.8017792882846861
    ]
  }
}
