{
  "timestamp": "2025-04-05T19:47:55.641479",
  "time_took": "5.0 min 4.38168478012085 sec",
  "metrics": {
    "train_loss": [
      1.0306790624321862,
      0.6694034551778301,
      0.5491398909467865,
      0.48294822418723593,
      0.4345502042507922,
      0.4014868890570307,
      0.3732520190956579,
      0.3473265780643983,
      0.32834919004447083,
      0.3126387741332027,
      0.2937945277133787,
      0.2810665308603678,
      0.271327170162377,
      0.2613204880405895,
      0.25073902117384766,
      0.24031969558828595,
      0.23336145913609388,
      0.22449651815589855,
      0.2165045000623319,
      0.21131123753730208
    ],
    "val_loss": [
      1.264213485053823,
      1.1490903655184974,
      0.797723374034785,
      0.8978164724156826,
      0.6545487068876435,
      0.6678571629373333,
      0.6369120425815824,
      0.45641599727582327,
      0.35808018000820013,
      0.3834986032187184,
      0.48981801769401456,
      0.33979087539866,
      0.34441734303401994,
      0.26396647359751446,
      0.2672819161339651,
      0.37754127892512307,
      0.2676661235244968,
      0.2734834114207497,
      0.2408355853602856,
      0.3197194020959395
    ],
    "train_accuracy": [
      0.630194675318903,
      0.7624116627405663,
      0.8058913729499089,
      0.8283590381794746,
      0.8459375972265434,
      0.8568936397173208,
      0.8674052180096893,
      0.8783390372905463,
      0.8847948797724343,
      0.8899617760789369,
      0.8968398595493133,
      0.9008955953597938,
      0.9045068669718654,
      0.90776256722521,
      0.9116182941464065,
      0.9156851415618472,
      0.9184074847771012,
      0.9209853771278723,
      0.9234077070092004,
      0.9258967065202898
    ],
    "val_accuracy": [
      0.546781287485006,
      0.5898640543782487,
      0.7186125549780088,
      0.6941223510595762,
      0.7589964014394243,
      0.7690923630547781,
      0.758796481407437,
      0.834266293482607,
      0.8795481807277089,
      0.852359056377449,
      0.8149740103958416,
      0.8763494602159136,
      0.8811475409836066,
      0.9108356657337066,
      0.9086365453818472,
      0.8562574970011996,
      0.9086365453818472,
      0.9008396641343462,
      0.915733706517393,
      0.8886445421831267
    ]
  }
}
