{
  "timestamp": "2025-04-05T19:37:26.928282",
  "time_took": "5.0 min 21.877211809158325 sec",
  "metrics": {
    "train_loss": [
      1.0225998930294404,
      0.7065462166528133,
      0.6108384477821264,
      0.5537848964926194,
      0.5123631344176829,
      0.4785788652317768,
      0.44516743905842304,
      0.4200496992350302,
      0.396092687712305,
      0.38010366110723803,
      0.36120630423961714,
      0.3463927146301351,
      0.3333625196775591,
      0.3185679358641871,
      0.3147890675093301,
      0.2985950726592405,
      0.2895722839219326,
      0.2811786036049439,
      0.27403338470453903,
      0.26655085384845734
    ],
    "val_loss": [
      0.7501812350900867,
      0.608616066884391,
      0.5134379128112069,
      0.5124024156528183,
      0.4252073247975941,
      0.41255006269563604,
      0.37829365156873873,
      0.3737077577204644,
      0.3481218645089789,
      0.40965974142279804,
      0.33522899165938175,
      0.31564516696748857,
      0.30191992487333996,
      0.318794852947887,
      0.27901351810256136,
      0.2772272149973278,
      0.2584092854699002,
      0.4005525893048395,
      0.26852714619304563,
      0.24208363315349893
    ],
    "train_accuracy": [
      0.6276390061780523,
      0.7466998533268145,
      0.7790679585759367,
      0.7981576958975954,
      0.8126472287657229,
      0.8252144539757322,
      0.8375816702964576,
      0.8472265434019289,
      0.8565825147784346,
      0.8630494688652829,
      0.8688386150495577,
      0.8742499666651852,
      0.8792057424774434,
      0.8842837459442642,
      0.8863727276767857,
      0.8925063336148273,
      0.8948397706564736,
      0.8984065958487044,
      0.9010844926441175,
      0.9035179341304058
    ],
    "val_accuracy": [
      0.7263094762095162,
      0.7736905237904838,
      0.8080767692922831,
      0.8167732906837265,
      0.8481607357057177,
      0.8558576569372252,
      0.8656537385045981,
      0.8666533386645342,
      0.8754498200719713,
      0.8511595361855258,
      0.8755497800879648,
      0.8901439424230307,
      0.890843662534986,
      0.884046381447421,
      0.9036385445821671,
      0.899140343862455,
      0.9080367852858856,
      0.8545581767293082,
      0.9053378648540584,
      0.9135345861655337
    ]
  }
}
