{
  "timestamp": "2025-04-05T20:32:04.232091",
  "time_took": "3.0 min 24.861619472503662 sec",
  "metrics": {
    "train_loss": [
      1.3666278686035762,
      0.9839381068436936,
      0.8652144280177626,
      0.7793470754880797,
      0.718233163129877,
      0.6754990558309312,
      0.6344121093438431,
      0.5999451949769123,
      0.5699840324338187,
      0.5448517525483939,
      0.5233320924876765,
      0.5058740374886177,
      0.4870029110884802,
      0.4723917940123515,
      0.45227709717371245,
      0.4412544169463217,
      0.42889357011087914,
      0.41976198606955056,
      0.4102105847983198,
      0.39975474338809197
    ],
    "val_loss": [
      1.1209628619725192,
      0.8988144194023518,
      0.7845459180542186,
      0.6506859064102173,
      0.6105714149867432,
      0.5568334878999975,
      0.49560662425017055,
      0.48313291087935245,
      0.4605224954931042,
      0.48589051147050494,
      0.42278929450843905,
      0.40263936489443236,
      0.3822023427184624,
      0.3323300103598003,
      0.34212867727008045,
      0.32331075736238984,
      0.3210084398713293,
      0.3270635259679601,
      0.2757042389881762,
      0.3403136307680154
    ],
    "train_accuracy": [
      0.49143295257567005,
      0.6378505711364949,
      0.6839637317214099,
      0.7176318947508779,
      0.7380661362727232,
      0.7543001911196053,
      0.7699897773234365,
      0.7828236810524912,
      0.7939130628027913,
      0.8020800924485533,
      0.8120805369127517,
      0.8185697142095204,
      0.8257922574336637,
      0.8310702697897684,
      0.8375261122716565,
      0.8418929730210232,
      0.8462487221654296,
      0.8494710876038936,
      0.8533934841548513,
      0.8567603004577982
    ],
    "val_accuracy": [
      0.5815673730507797,
      0.6561375449820072,
      0.6808276689324271,
      0.750499800079968,
      0.7705917632946822,
      0.799780087964814,
      0.8255697720911636,
      0.8248700519792083,
      0.8386645341863255,
      0.8281687325069972,
      0.8399640143942423,
      0.8595561775289884,
      0.8635545781687325,
      0.8845461815273891,
      0.8809476209516194,
      0.8885445821671332,
      0.8914434226309477,
      0.890843662534986,
      0.9063374650139944,
      0.8843462614954019
    ]
  }
}
