{
  "timestamp": "2025-04-05T19:52:55.113795",
  "time_took": "4.0 min 59.47147607803345 sec",
  "metrics": {
    "train_loss": [
      1.1341849534179678,
      0.7224920737895776,
      0.5799441291442649,
      0.5006437752057206,
      0.4479422322262756,
      0.41242630148983817,
      0.3820389076771045,
      0.35745868023315613,
      0.33820350478741934,
      0.3236254769038748,
      0.30862359747036616,
      0.2901002462762831,
      0.2782706052318893,
      0.26698504795785993,
      0.2577065137871118,
      0.2501112250399522,
      0.2434385062661022,
      0.23295103349003263,
      0.22758185140661558,
      0.21939275615890932
    ],
    "val_loss": [
      1.5053632048111927,
      1.2945880965341496,
      1.2733676576916175,
      0.9558400489106963,
      0.8426186231118215,
      0.6016712581055074,
      0.44236956970601143,
      0.5292162638676318,
      0.6055991291245327,
      0.6181908959074865,
      0.3824458092073851,
      0.40672139917747885,
      0.40876192382619353,
      0.5056065815159038,
      0.5381164433835428,
      0.38005739676801464,
      0.38569909277596054,
      0.3490936227991611,
      0.23120280270335042,
      0.2790371992542774
    ],
    "train_accuracy": [
      0.5920929819103071,
      0.7457442553002356,
      0.7944908662607227,
      0.8210809369305302,
      0.8408929285746033,
      0.8528045690919597,
      0.863860616027379,
      0.8730610249344415,
      0.8812613893950842,
      0.8854171296502067,
      0.8901617849682208,
      0.8956398062136095,
      0.9016178496822082,
      0.9048735499355527,
      0.9087515000666696,
      0.9114960664918441,
      0.9141184052624561,
      0.9182408107026979,
      0.9194075292235211,
      0.9217854126850082
    ],
    "val_accuracy": [
      0.4842063174730108,
      0.5381847261095561,
      0.5768692522990804,
      0.6540383846461415,
      0.6997201119552179,
      0.7846861255497801,
      0.8391643342662934,
      0.8001799280287885,
      0.776389444222311,
      0.7745901639344263,
      0.8655537784886046,
      0.8521591363454618,
      0.8486605357856857,
      0.8141743302678929,
      0.8147740903638545,
      0.8667532986805278,
      0.8670531787285086,
      0.8754498200719713,
      0.9179328268692523,
      0.9008396641343462
    ]
  }
}
