{
  "timestamp": "2025-04-05T20:38:32.456432",
  "time_took": "3.0 min 12.017852306365967 sec",
  "metrics": {
    "train_loss": [
      1.553318146446889,
      1.1759031662209467,
      1.0570537412369794,
      0.9786535721610893,
      0.9257580106231299,
      0.8866976585916497,
      0.852478769607842,
      0.8244238806549798,
      0.79965438101102,
      0.7826608434658159,
      0.7661187503148209,
      0.7473138606345112,
      0.734418383333832,
      0.7222730226137422,
      0.7115887521596794,
      0.6976505999284034,
      0.6892864536494017,
      0.6804102570326491,
      0.6704252521422777,
      0.660010666501793
    ],
    "val_loss": [
      1.1801539546326747,
      1.020860441123383,
      0.9723602156095867,
      0.8523762724067592,
      0.7841569622860679,
      0.7298344735857807,
      0.7372054842453969,
      0.7116336913048467,
      0.6521210994901536,
      0.6549683084970788,
      0.6226291339608687,
      0.6541793927361693,
      0.5943738603139226,
      0.578129216462751,
      0.5633793001687979,
      0.576175406009336,
      0.5382054119924956,
      0.5579114854335785,
      0.5317510170272634,
      0.5264757313305819
    ],
    "train_accuracy": [
      0.41350726698964396,
      0.5539912885017112,
      0.6012044979776879,
      0.6347504333525934,
      0.6573625494466421,
      0.6686408284812658,
      0.6849971109827103,
      0.6939086181608072,
      0.7030979154629095,
      0.7090537357215876,
      0.7175207787012756,
      0.7223432152540112,
      0.7291657406995866,
      0.7345104226854526,
      0.7384328192364105,
      0.743044135294902,
      0.7455998044357527,
      0.750755589137295,
      0.7535890484021512,
      0.7574558869283079
    ],
    "val_accuracy": [
      0.5665733706517393,
      0.6125549780087964,
      0.6270491803278688,
      0.6796281487405038,
      0.7072171131547381,
      0.728608556577369,
      0.7318072770891644,
      0.7326069572171131,
      0.7580967612954818,
      0.7595961615353859,
      0.773890443822471,
      0.7606957217113155,
      0.7823870451819273,
      0.7940823670531787,
      0.7942822870851659,
      0.7917832866853258,
      0.8085765693722511,
      0.801079568172731,
      0.813374650139944,
      0.8161735305877649
    ]
  }
}
