{
  "timestamp": "2025-04-05T19:42:51.259222",
  "time_took": "5.0 min 24.330432653427124 sec",
  "metrics": {
    "train_loss": [
      1.0296113168482075,
      0.6946738000366498,
      0.5955672527832742,
      0.5321317625401373,
      0.48041621218858793,
      0.4435400256717747,
      0.4082584510007026,
      0.3848743531006304,
      0.3570567217909477,
      0.3402176615570418,
      0.32400364409708843,
      0.3069836945399981,
      0.29322234428995714,
      0.2812452822373333,
      0.2708685453981161,
      0.2590794253840365,
      0.25245634373277426,
      0.24135757200631566,
      0.23193973676428536,
      0.22514701484363864
    ],
    "val_loss": [
      1.4633065929895714,
      1.2443194683594039,
      1.6074221224724492,
      0.9699596596669547,
      0.7313960405844676,
      0.5899755339833754,
      0.6447523534297943,
      0.5519870655446113,
      0.6281370339514334,
      0.5400243624101712,
      0.4913110834888265,
      0.4294200630127629,
      0.47180319624611095,
      0.6450026461595222,
      0.4198819802531713,
      0.3631950254681744,
      0.6453459308117251,
      0.3549635172644748,
      0.30012086448790154,
      0.5134025525443161
    ],
    "train_accuracy": [
      0.6273501044490867,
      0.7516445175341127,
      0.7840348459931552,
      0.8075914485088226,
      0.8274145517578559,
      0.8432597004311303,
      0.8534157073647718,
      0.862705009111516,
      0.873438819503089,
      0.8797279879105738,
      0.8848948842170763,
      0.8915062891684075,
      0.8964065069558647,
      0.9008955953597938,
      0.9033734832659229,
      0.9084403751277834,
      0.9107515889595094,
      0.9140295124227743,
      0.9190297346548736,
      0.9205075781145828
    ],
    "val_accuracy": [
      0.49020391843262695,
      0.5627748900439824,
      0.5412834866053579,
      0.6664334266293482,
      0.7434026389444223,
      0.7836865253898441,
      0.7493002798880448,
      0.8013794482207117,
      0.7596961215513794,
      0.8028788484606157,
      0.8156737305077969,
      0.8375649740103959,
      0.8268692522990804,
      0.7595961615353859,
      0.8454618152738904,
      0.866453418632547,
      0.7634946021591363,
      0.8638544582167134,
      0.8977409036385445,
      0.8107756897241104
    ]
  }
}
