{
  "timestamp": "2025-04-05T19:57:35.431547",
  "time_took": "4.0 min 40.3168830871582 sec",
  "metrics": {
    "train_loss": [
      1.183947830122303,
      0.7729416580193422,
      0.6175083125179465,
      0.531386867588894,
      0.4768272024071352,
      0.4396628115368499,
      0.4091080485589125,
      0.3842806378802793,
      0.3643997672691264,
      0.34849565800025384,
      0.3326692810197445,
      0.32145584415411577,
      0.3103810365057804,
      0.3003639643800191,
      0.291031142082912,
      0.2814129354770888,
      0.2727681767639958,
      0.2668419679076495,
      0.26229871686717326,
      0.25381521543022245
    ],
    "val_loss": [
      1.5372288951390907,
      1.1801702583892435,
      0.9512294146079051,
      0.7997791110714779,
      0.682176752935482,
      0.5954525749894637,
      0.6698547013198273,
      0.546817108422895,
      0.5499160689643666,
      0.5459559348565114,
      0.5449651687205592,
      0.339573412379132,
      0.4430038300873358,
      0.4437196631974812,
      0.3006775062295455,
      0.4787462312209455,
      0.5199423560613319,
      0.3984121404871156,
      0.3596647504387023,
      0.2942546027936513
    ],
    "train_accuracy": [
      0.5724587759455976,
      0.7280434685986044,
      0.7824125516689631,
      0.8115360682697009,
      0.8312480554691319,
      0.8443930841370728,
      0.8537935019334193,
      0.8649384417085204,
      0.8714498422152096,
      0.8769389750655585,
      0.8829836881639184,
      0.8869505311347171,
      0.891028490155118,
      0.8961287168318592,
      0.8980954709098182,
      0.9014400640028446,
      0.904884661540513,
      0.9061402729010178,
      0.9078959064847326,
      0.911040490688475
    ],
    "val_accuracy": [
      0.4971011595361855,
      0.5988604558176729,
      0.6831267493002798,
      0.7205117952818872,
      0.7613954418232707,
      0.7885845661735306,
      0.7596961215513794,
      0.8026789284286285,
      0.8024790083966413,
      0.8069772091163535,
      0.8027788884446222,
      0.8822471011595362,
      0.8379648140743703,
      0.8404638144742104,
      0.8972411035585766,
      0.8260695721711315,
      0.8243702518992403,
      0.850859656137545,
      0.8692522990803678,
      0.8933426629348261
    ]
  }
}
